Journal name,ISSN,eISSN,Category,Total Citations,2020 JIF,JIF Quartile,2020 JCI,% of OA Gold
POLITICAL ANALYSIS,1047-1987,1476-4989,POLITICAL SCIENCE - SSCI,"5,581",8.6,Q1,3.39,11.46%
Annual Review of Political Science,1094-2939,1545-1577,POLITICAL SCIENCE - SSCI,"5,418",8.091,Q1,n/a,29.11%
POLITICAL COMMUNICATION,1058-4609,1091-7675,POLITICAL SCIENCE - SSCI,"3,692",7.859,Q1,3.17,8.82%
AMERICAN POLITICAL SCIENCE REVIEW,0003-0554,1537-5943,POLITICAL SCIENCE - SSCI,"19,880",7.828,Q1,3.57,9.52%
Review of International Organizations,1559-7431,1559-744X,POLITICAL SCIENCE - SSCI,"1,287",7.795,Q1,2.91,26.60%
JOURNAL OF EUROPEAN PUBLIC POLICY,1350-1763,1466-4429,POLITICAL SCIENCE - SSCI,"6,982",7.339,Q1,2.85,12.64%
JOURNAL OF PUBLIC ADMINISTRATION RESEARCH AND THEORY,1053-1858,1477-9803,POLITICAL SCIENCE - SSCI,"8,156",7,Q1,2.71,10.00%
ENVIRONMENTAL POLITICS,0964-4016,1743-8934,POLITICAL SCIENCE - SSCI,"3,989",6.71,Q1,2.12,9.85%
International Journal of Press-Politics,1940-1612,1940-1620,POLITICAL SCIENCE - SSCI,"1,607",6.592,Q1,2.39,18.49%
INTERNATIONAL ORGANIZATION,0020-8183,1531-5088,POLITICAL SCIENCE - SSCI,"9,433",6.276,Q1,3.36,0.00%
POLITICAL BEHAVIOR,0190-9320,1573-6687,POLITICAL SCIENCE - SSCI,"4,207",6.172,Q1,2.6,9.90%
AMERICAN JOURNAL OF POLITICAL SCIENCE,0092-5853,1540-5907,POLITICAL SCIENCE - SSCI,"17,512",6.081,Q1,3.18,9.02%
Regulation & Governance,1748-5983,1748-5991,POLITICAL SCIENCE - SSCI,"1,795",5.4,Q1,2.98,30.06%
JOURNAL OF DEMOCRACY,1045-5736,1086-3214,POLITICAL SCIENCE - SSCI,"4,879",5.326,Q1,2.46,0.70%
BRITISH JOURNAL OF POLITICAL SCIENCE,0007-1234,1469-2112,POLITICAL SCIENCE - SSCI,"6,110",5.174,Q1,2.96,3.16%
COMPARATIVE POLITICAL STUDIES,0010-4140,1552-3829,POLITICAL SCIENCE - SSCI,"7,381",5.143,Q1,2.43,14.77%
POLICY STUDIES JOURNAL,0190-292X,1541-0072,POLITICAL SCIENCE - SSCI,"3,908",5.141,Q1,2.79,9.76%
EUROPEAN JOURNAL OF POLITICAL RESEARCH,0304-4130,1475-6765,POLITICAL SCIENCE - SSCI,"5,458",4.943,Q1,2.43,28.06%
NEW POLITICAL ECONOMY,1356-3467,1469-9923,POLITICAL SCIENCE - SSCI,"2,369",4.681,Q1,2.19,10.28%
REVIEW OF INTERNATIONAL POLITICAL ECONOMY,0969-2290,1466-4526,POLITICAL SCIENCE - SSCI,"3,647",4.659,Q1,2.05,16.67%
Socio-Economic Review,1475-1461,1475-147X,POLITICAL SCIENCE - SSCI,"2,584",4.443,Q1,1.72,8.57%
POLITICAL PSYCHOLOGY,0162-895X,1467-9221,POLITICAL SCIENCE - SSCI,"6,702",4.333,Q1,2.07,11.19%
Policy and Society,1449-4035,1839-3373,POLITICAL SCIENCE - SSCI,"1,252",4.231,Q1,1.82,100.00%
PUBLIC OPINION QUARTERLY,0033-362X,1537-5331,POLITICAL SCIENCE - SSCI,"7,999",4.154,Q1,2.02,5.26%
European Political Science Review,1755-7739,1755-7747,POLITICAL SCIENCE - SSCI,"1,137",4.143,Q1,1.78,14.29%
Geopolitics,1465-0045,1557-3028,POLITICAL SCIENCE - SSCI,"2,172",4.117,Q1,1.26,9.23%
Global Environmental Politics,1526-3800,1536-0091,POLITICAL SCIENCE - SSCI,"2,005",4.055,Q1,1.65,8.54%
JOURNAL OF PEACE RESEARCH,0022-3433,1460-3578,POLITICAL SCIENCE - SSCI,"6,610",4.054,Q1,2.33,13.95%
JCMS-Journal of Common Market Studies,0021-9886,1468-5965,POLITICAL SCIENCE - SSCI,"4,774",3.99,Q1,1.74,24.16%
WEST EUROPEAN POLITICS,0140-2382,1743-9655,POLITICAL SCIENCE - SSCI,"4,788",3.96,Q1,2.17,20.16%
Territory Politics Governance,2162-2671,2162-268X,POLITICAL SCIENCE - SSCI,770,3.878,Q1,1.79,2.08%
GOVERNANCE-AN INTERNATIONAL JOURNAL OF POLICY ADMINISTRATION AND INSTITUTIONS,0952-1895,1468-0491,POLITICAL SCIENCE - SSCI,"3,292",3.838,Q1,1.78,18.02%
Policy and Internet,1944-2866,1944-2866,POLITICAL SCIENCE - SSCI,798,3.8,Q1,1.75,27.14%
Political Science Research and Methods,2049-8470,2049-8489,POLITICAL SCIENCE - SSCI,"1,170",3.798,Q1,1.81,6.25%
Perspectives on Politics,1537-5927,1541-0986,POLITICAL SCIENCE - SSCI,"3,444",3.776,Q1,1.63,3.08%
South European Society and Politics,1360-8746,1743-9612,POLITICAL SCIENCE - SSCI,"1,160",3.771,Q1,1.64,4.41%
POLICY AND POLITICS,0305-5736,1470-8442,POLITICAL SCIENCE - SSCI,"1,653",3.75,Q1,1.94,16.00%
PUBLIC ADMINISTRATION,0033-3298,1467-9299,POLITICAL SCIENCE - SSCI,"5,750",3.72,Q1,1.52,24.63%
International Political Sociology,1749-5679,1749-5687,POLITICAL SCIENCE - SSCI,"1,234",3.673,Q1,1.62,11.11%
POLITICAL GEOGRAPHY,0962-6298,1873-5096,POLITICAL SCIENCE - SSCI,"5,342",3.66,Q1,1.49,12.50%
Cooperation and Conflict,0010-8367,1460-3691,POLITICAL SCIENCE - SSCI,"1,141",3.579,Q1,1.6,18.63%
JOURNAL OF CONFLICT RESOLUTION,0022-0027,1552-8766,POLITICAL SCIENCE - SSCI,"6,921",3.53,Q1,2.1,7.75%
JOURNAL OF POLITICS,0022-3816,1468-2508,POLITICAL SCIENCE - SSCI,"11,991",3.458,Q1,1.84,0.74%
WORLD POLITICS,0043-8871,1086-3338,POLITICAL SCIENCE - SSCI,"5,539",3.444,Q1,1.8,0.00%
EUROPEAN UNION POLITICS,1465-1165,1741-2757,POLITICAL SCIENCE - SSCI,"2,168",3.391,Q1,1.97,17.92%
GOVERNMENT AND OPPOSITION,0017-257X,1477-7053,POLITICAL SCIENCE - SSCI,"1,979",3.322,Q2,1.7,1.05%
Political Studies Review,1478-9299,1478-9302,POLITICAL SCIENCE - SSCI,755,3.241,Q2,1.33,15.38%
AFRICAN AFFAIRS,0001-9909,1468-2621,POLITICAL SCIENCE - SSCI,"2,102",3.203,Q2,2.17,8.99%
Research & Politics,N/A,2053-1680,POLITICAL SCIENCE - SSCI,"1,080",3.141,Q2,1.73,100.00%
Cambridge Review of International Affairs,0955-7571,1474-449X,POLITICAL SCIENCE - SSCI,"1,024",3.096,Q2,1.53,11.03%
POLITICS & SOCIETY,0032-3292,1552-7514,POLITICAL SCIENCE - SSCI,"2,194",3.089,Q2,1.43,4.11%
Democratization,1351-0347,1743-890X,POLITICAL SCIENCE - SSCI,"2,617",3.055,Q2,1.45,11.02%
POST-SOVIET AFFAIRS,1060-586X,1938-2855,POLITICAL SCIENCE - SSCI,837,2.98,Q2,1.67,3.53%
INTERNATIONAL STUDIES QUARTERLY,0020-8833,1468-2478,POLITICAL SCIENCE - SSCI,"5,856",2.936,Q2,1.5,8.68%
PARTY POLITICS,1354-0688,1460-3683,POLITICAL SCIENCE - SSCI,"3,652",2.829,Q2,1.77,10.51%
International Theory,1752-9719,1752-9727,POLITICAL SCIENCE - SSCI,737,2.778,Q2,1.41,19.57%
TERRORISM AND POLITICAL VIOLENCE,0954-6553,1556-1836,POLITICAL SCIENCE - SSCI,"2,334",2.741,Q2,1.22,6.10%
LOCAL GOVERNMENT STUDIES,0300-3930,1743-9388,POLITICAL SCIENCE - SSCI,"1,521",2.726,Q2,1.05,8.43%
POLITICAL SCIENCE QUARTERLY,0032-3195,1538-165X,POLITICAL SCIENCE - SSCI,"1,586",2.675,Q2,1.11,1.61%
International Studies Review,1521-9488,1468-2486,POLITICAL SCIENCE - SSCI,"1,647",2.658,Q2,1.45,11.30%
International Environmental Agreements-Politics Law and Economics,1567-9764,1573-1553,POLITICAL SCIENCE - SSCI,"1,131",2.649,Q2,1.64,36.30%
Contemporary Security Policy,1352-3260,1743-8764,POLITICAL SCIENCE - SSCI,710,2.64,Q2,1.55,22.89%
Mediterranean Politics,1362-9395,1743-9418,POLITICAL SCIENCE - SSCI,683,2.588,Q2,1.58,2.54%
POLITICAL RESEARCH QUARTERLY,1065-9129,1938-274X,POLITICAL SCIENCE - SSCI,"5,025",2.556,Q2,1.19,3.02%
British Politics,1746-918X,1746-9198,POLITICAL SCIENCE - SSCI,464,2.54,Q2,0.95,7.78%
Journal of Public Policy,0143-814X,1469-7815,POLITICAL SCIENCE - SSCI,"1,533",2.513,Q2,1.14,10.14%
Politics,0263-3957,1467-9256,POLITICAL SCIENCE - SSCI,"1,047",2.492,Q2,1.24,22.66%
PUBLIUS-THE JOURNAL OF FEDERALISM,0048-5950,1747-7107,POLITICAL SCIENCE - SSCI,"1,077",2.472,Q2,1.16,6.17%
PS-POLITICAL SCIENCE & POLITICS,1049-0965,1537-5935,POLITICAL SCIENCE - SSCI,"3,244",2.472,Q2,0.91,1.77%
AMERICAN POLITICS RESEARCH,1532-673X,1552-3373,POLITICAL SCIENCE - SSCI,"1,772",2.451,Q2,1.27,1.68%
JOURNAL OF STRATEGIC STUDIES,0140-2390,1743-937X,POLITICAL SCIENCE - SSCI,"1,103",2.44,Q2,1.39,5.71%
British Journal of Politics & International Relations,1369-1481,1467-856X,POLITICAL SCIENCE - SSCI,"1,642",2.422,Q2,1.73,22.09%
Acta Politica,0001-6810,1741-1416,POLITICAL SCIENCE - SSCI,"1,044",2.404,Q2,1.06,11.48%
POLITICAL STUDIES,0032-3217,1467-9248,POLITICAL SCIENCE - SSCI,"4,647",2.396,Q2,1.4,21.90%
European Journal of Political Economy,0176-2680,1873-5703,POLITICAL SCIENCE - SSCI,"2,865",2.366,Q2,1.1,6.08%
Journal of Chinese Governance,2381-2346,2381-2354,POLITICAL SCIENCE - SSCI,274,2.333,Q2,0.81,3.23%
Social Movement Studies,1474-2837,1474-2829,POLITICAL SCIENCE - SSCI,"1,428",2.266,Q2,1.24,4.57%
Journal of Information Technology & Politics,1933-1681,1933-169X,POLITICAL SCIENCE - SSCI,905,2.224,Q2,1.19,7.45%
JOURNAL OF POLITICAL PHILOSOPHY,0963-8016,1467-9760,POLITICAL SCIENCE - SSCI,"1,645",2.224,Q2,0.83,15.22%
Journal of International Relations and Development,1408-6980,1581-1980,POLITICAL SCIENCE - SSCI,695,2.2,Q2,1.25,0.00%
STUDIES IN COMPARATIVE INTERNATIONAL DEVELOPMENT,0039-3606,1936-6167,POLITICAL SCIENCE - SSCI,"1,384",2.159,Q2,0.82,22.73%
LEGISLATIVE STUDIES QUARTERLY,0362-9805,1939-9162,POLITICAL SCIENCE - SSCI,"1,720",2.159,Q2,1.08,9.71%
German Politics,0964-4008,1743-8993,POLITICAL SCIENCE - SSCI,673,2.159,Q2,0.92,3.25%
ANNALS OF THE AMERICAN ACADEMY OF POLITICAL AND SOCIAL SCIENCE,0002-7162,1552-3349,POLITICAL SCIENCE - SSCI,"7,473",2.15,Q2,1.24,6.20%
PROBLEMS OF POST-COMMUNISM,1075-8216,1557-783X,POLITICAL SCIENCE - SSCI,761,2.127,Q2,1.13,2.07%
INTERNATIONAL JOURNAL OF PUBLIC OPINION RESEARCH,0954-2892,1471-6909,POLITICAL SCIENCE - SSCI,"1,819",2.11,Q2,1.14,5.79%
EUROPE-ASIA STUDIES,0966-8136,1465-3427,POLITICAL SCIENCE - SSCI,"2,006",2.102,Q2,1.16,5.56%
Critical Policy Studies,1946-0171,1946-018X,POLITICAL SCIENCE - SSCI,876,2.098,Q2,1.08,11.70%
Politics & Gender,1743-923X,1743-9248,POLITICAL SCIENCE - SSCI,"1,350",2.088,Q2,0.76,17.97%
Global Policy,1758-5880,1758-5899,POLITICAL SCIENCE - SSCI,"1,402",2.084,Q2,0.99,17.43%
International Feminist Journal of Politics,1461-6742,1468-4470,POLITICAL SCIENCE - SSCI,"1,093",2.083,Q2,0.93,4.65%
ELECTORAL STUDIES,0261-3794,1873-6890,POLITICAL SCIENCE - SSCI,"4,461",2.07,Q3,0.96,8.49%
Politics and Governance,2183-2463,2183-2463,POLITICAL SCIENCE - SSCI,978,2.061,Q3,1.5,100.00%
INTERNATIONAL POLITICAL SCIENCE REVIEW,0192-5121,1460-373X,POLITICAL SCIENCE - SSCI,"2,023",2.049,Q3,1.01,12.78%
PUBLIC CHOICE,0048-5829,1573-7101,POLITICAL SCIENCE - SSCI,"5,970",2.019,Q3,0.78,9.73%
NEW LEFT REVIEW,0028-6060,2044-0480,POLITICAL SCIENCE - SSCI,"2,917",2.015,Q3,0.81,0.00%
Comparative European Politics,1472-4790,1740-388X,POLITICAL SCIENCE - SSCI,"1,025",2.01,Q3,1,2.76%
Quarterly Journal of Political Science,1554-0626,1554-0634,POLITICAL SCIENCE - SSCI,916,2,Q3,0.88,0.00%
Journal of Women Politics & Policy,1554-477X,1554-4788,POLITICAL SCIENCE - SSCI,476,2,Q3,1.11,3.95%
Review of Policy Research,1541-132X,1541-1338,POLITICAL SCIENCE - SSCI,"1,290",2,Q3,1.13,11.32%
PHILOSOPHY & PUBLIC AFFAIRS,0048-3915,1088-4963,POLITICAL SCIENCE - SSCI,"2,852",2,Q3,1.51,18.60%
European Security,0966-2839,1746-1545,POLITICAL SCIENCE - SSCI,545,1.942,Q3,1.7,11.24%
POLITICAL THEORY,0090-5917,1552-7476,POLITICAL SCIENCE - SSCI,"2,031",1.862,Q3,0.75,10.08%
Politics Groups and Identities,2156-5503,2156-5511,POLITICAL SCIENCE - SSCI,654,1.845,Q3,1.22,0.00%
PARLIAMENTARY AFFAIRS,0031-2290,1460-2482,POLITICAL SCIENCE - SSCI,"1,284",1.833,Q3,1.03,7.69%
ARMED FORCES & SOCIETY,0095-327X,1556-0848,POLITICAL SCIENCE - SSCI,"1,196",1.829,Q3,0.78,4.26%
Ethics & International Affairs,0892-6794,1747-7093,POLITICAL SCIENCE - SSCI,749,1.825,Q3,0.72,2.22%
Swiss Political Science Review,1424-7755,1662-6370,POLITICAL SCIENCE - SSCI,743,1.816,Q3,1.58,21.54%
Economics & Politics,0954-1985,1468-0343,POLITICAL SCIENCE - SSCI,"1,070",1.8,Q3,0.8,7.94%
COMPARATIVE POLITICS,0010-4159,2151-6227,POLITICAL SCIENCE - SSCI,"2,652",1.797,Q3,0.85,0.00%
European Political Science,1680-4333,1682-0983,POLITICAL SCIENCE - SSCI,702,1.756,Q3,0.92,10.22%
Peacebuilding,2164-7259,2164-7267,POLITICAL SCIENCE - SSCI,346,1.75,Q3,0.89,6.45%
Journal of Chinese Political Science,1080-6954,1874-6357,POLITICAL SCIENCE - SSCI,504,1.694,Q3,1.23,6.73%
Citizenship Studies,1362-1025,1469-3593,POLITICAL SCIENCE - SSCI,"2,251",1.67,Q3,0.97,9.30%
SURVIVAL,0039-6338,1468-2699,POLITICAL SCIENCE - SSCI,"1,208",1.669,Q3,0.89,0.00%
Politics and Religion,1755-0483,1755-0491,POLITICAL SCIENCE - SSCI,368,1.65,Q3,2.33,11.36%
Contemporary Politics,1356-9775,1469-3631,POLITICAL SCIENCE - SSCI,681,1.578,Q3,1.07,4.72%
State Politics & Policy Quarterly,1532-4400,1946-1607,POLITICAL SCIENCE - SSCI,"1,022",1.553,Q3,0.75,1.52%
International Journal of Transitional Justice,1752-7716,1752-7724,POLITICAL SCIENCE - SSCI,816,1.55,Q3,0.97,12.09%
Journal of European Integration,0703-6337,1477-2280,POLITICAL SCIENCE - SSCI,"1,436",1.483,Q3,1.05,8.41%
NATION,0027-8378,0027-8378,POLITICAL SCIENCE - SSCI,"1,435",1.48,Q3,0.03,0.00%
Nations and Nationalism,1354-5078,1469-8129,POLITICAL SCIENCE - SSCI,"1,702",1.433,Q3,1.63,18.43%
EAST EUROPEAN POLITICS AND SOCIETIES,0888-3254,1533-8371,POLITICAL SCIENCE - SSCI,932,1.43,Q3,1.17,7.81%
Journal of Contemporary European Studies,1478-2804,1478-2790,POLITICAL SCIENCE - SSCI,455,1.355,Q3,0.92,4.51%
SCANDINAVIAN POLITICAL STUDIES,0080-6757,1467-9477,POLITICAL SCIENCE - SSCI,"1,049",1.351,Q3,0.64,28.36%
JOURNAL OF POLITICAL IDEOLOGIES,1356-9317,1469-9613,POLITICAL SCIENCE - SSCI,897,1.344,Q3,0.53,6.25%
Intelligence and National Security,0268-4527,1743-9019,POLITICAL SCIENCE - SSCI,903,1.326,Q3,1.35,3.70%
Contemporary Southeast Asia,0129-797X,1793-284X,POLITICAL SCIENCE - SSCI,513,1.3,Q3,0.81,0.00%
Politics Philosophy & Economics,1470-594X,1741-3060,POLITICAL SCIENCE - SSCI,436,1.297,Q3,0.48,13.33%
LATIN AMERICAN POLITICS AND SOCIETY,1531-426X,1548-2456,POLITICAL SCIENCE - SSCI,800,1.255,Q3,0.93,1.32%
Review of African Political Economy,0305-6244,1740-1720,POLITICAL SCIENCE - SSCI,"1,456",1.231,Q3,0.97,0.00%
Irish Political Studies,0790-7184,1743-9078,POLITICAL SCIENCE - SSCI,382,1.222,Q3,0.77,6.41%
SOCIAL SCIENCE QUARTERLY,0038-4941,1540-6237,POLITICAL SCIENCE - SSCI,"5,330",1.176,Q3,0.64,3.66%
HUMAN RIGHTS QUARTERLY,0275-0392,1085-794X,POLITICAL SCIENCE - SSCI,"1,547",1.164,Q3,0.67,1.02%
CANADIAN JOURNAL OF POLITICAL SCIENCE-REVUE CANADIENNE DE SCIENCE POLITIQUE,0008-4239,1744-9324,POLITICAL SCIENCE - SSCI,"1,152",1.15,Q3,0.5,20.00%
MONTHLY REVIEW-AN INDEPENDENT SOCIALIST MAGAZINE,0027-0520,0027-0520,POLITICAL SCIENCE - SSCI,840,1.141,Q3,0.32,0.00%
AUSTRALIAN JOURNAL OF POLITICAL SCIENCE,1036-1146,1363-030X,POLITICAL SCIENCE - SSCI,807,1.129,Q4,0.6,0.00%
Revista Brasileira de Politica Internacional,0034-7329,N/A,POLITICAL SCIENCE - SSCI,307,1.114,Q4,0.2,100.00%
LATIN AMERICAN PERSPECTIVES,0094-582X,1552-678X,POLITICAL SCIENCE - SSCI,"1,269",1.065,Q4,0.94,1.36%
COMMUNIST AND POST-COMMUNIST STUDIES,0967-067X,1873-6920,POLITICAL SCIENCE - SSCI,869,1.062,Q4,0.6,0.91%
POLITICAL SCIENCE,0032-3187,2041-0611,POLITICAL SCIENCE - SSCI,222,1.038,Q4,0.38,3.23%
POLITICAL QUARTERLY,0032-3179,1467-923X,POLITICAL SCIENCE - SSCI,"1,321",1.033,Q4,0.5,13.67%
POLITY,0032-3497,1744-1684,POLITICAL SCIENCE - SSCI,810,1.031,Q4,1.27,1.12%
SCOTTISH JOURNAL OF POLITICAL ECONOMY,0036-9292,1467-9485,POLITICAL SCIENCE - SSCI,"1,011",1.017,Q4,0.52,7.14%
Politics Religion & Ideology,2156-7689,2156-7697,POLITICAL SCIENCE - SSCI,257,1,Q4,1.49,10.29%
Politikon,0258-9346,1470-1014,POLITICAL SCIENCE - SSCI,269,0.962,Q4,0.53,1.19%
NEW REPUBLIC,0028-6583,N/A,POLITICAL SCIENCE - SSCI,756,0.962,Q4,0.01,0.00%
Revista de Ciencia Politica,0718-090X,0718-090X,POLITICAL SCIENCE - SSCI,337,0.93,Q4,0.53,74.65%
POLITISCHE VIERTELJAHRESSCHRIFT,0032-3470,1862-2860,POLITICAL SCIENCE - SSCI,341,0.926,Q4,0.46,40.70%
POLITICA Y GOBIERNO,1665-2037,N/A,POLITICAL SCIENCE - SSCI,187,0.92,Q4,0.34,100.00%
Historical Materialism-Research in Critical Marxist Theory,1465-4466,1569-206X,POLITICAL SCIENCE - SSCI,514,0.915,Q4,0.61,3.88%
CRITICAL REVIEW,0891-3811,1933-8007,POLITICAL SCIENCE - SSCI,573,0.913,Q4,0.49,3.85%
Journal of Australian Political Economy,0156-5826,1839-3675,POLITICAL SCIENCE - SSCI,144,0.893,Q4,0.29,0.00%
Contemporary Political Theory,1470-8914,1476-9336,POLITICAL SCIENCE - SSCI,448,0.892,Q4,0.36,1.90%
STUDIES IN AMERICAN POLITICAL DEVELOPMENT,0898-588X,1469-8692,POLITICAL SCIENCE - SSCI,287,0.88,Q4,0.47,0.00%
International Politics,1384-5748,1740-3898,POLITICAL SCIENCE - SSCI,653,0.874,Q4,0.5,5.46%
Nationalities Papers-The Journal of Nationalism and Ethnicity,0090-5992,1465-3923,POLITICAL SCIENCE - SSCI,853,0.746,Q4,1.14,5.03%
Presidential Studies Quarterly,0360-4918,1741-5705,POLITICAL SCIENCE - SSCI,736,0.71,Q4,0.38,2.76%
Journal of Human Rights,1475-4835,1475-4843,POLITICAL SCIENCE - SSCI,535,0.694,Q4,0.47,4.24%
Forum-A Journal of Applied Research in Contemporary Politics,2194-6183,1540-8884,POLITICAL SCIENCE - SSCI,310,0.683,Q4,0.32,0.00%
International Journal of Conflict and Violence,1864-1385,1864-1385,POLITICAL SCIENCE - SSCI,390,0.643,Q4,0.55,100.00%
JOURNAL OF THEORETICAL POLITICS,0951-6298,1460-3667,POLITICAL SCIENCE - SSCI,978,0.643,Q4,0.68,5.88%
Japanese Journal of Political Science,1468-1099,1474-0060,POLITICAL SCIENCE - SSCI,187,0.615,Q4,0.3,0.00%
Ethics & Global Politics,1654-4951,1654-6369,POLITICAL SCIENCE - SSCI,183,0.613,Q4,0.26,100.00%
Lex Localis-Journal of Local Self-Government,1581-5374,1855-363X,POLITICAL SCIENCE - SSCI,258,0.592,Q4,0.37,3.23%
Journal of Policy History,0898-0306,1528-4190,POLITICAL SCIENCE - SSCI,236,0.556,Q4,0.91,0.00%
Historia y Politica,1575-0361,1989-063X,POLITICAL SCIENCE - SSCI,250,0.5,Q4,0.36,83.10%
DISSENT,0012-3846,1946-0910,POLITICAL SCIENCE - SSCI,376,0.5,Q4,0.11,0.00%
AUSTRALIAN JOURNAL OF POLITICS AND HISTORY,0004-9522,1467-8497,POLITICAL SCIENCE - SSCI,325,0.485,Q4,0.93,1.00%
Journal of Cold War Studies,1520-3972,1531-3298,POLITICAL SCIENCE - SSCI,345,0.48,Q4,0.43,0.00%
EUROPEAN HISTORY QUARTERLY,0265-6914,1461-7110,POLITICAL SCIENCE - SSCI,222,0.474,Q4,0.88,8.33%
Revista de Estudios Politicos,0048-7694,1989-0613,POLITICAL SCIENCE - SSCI,420,0.443,Q4,0.12,83.02%
CURRENT HISTORY,0011-3530,1944-785X,POLITICAL SCIENCE - SSCI,357,0.386,Q4,0.17,0.00%
Independent Review,1086-1653,N/A,POLITICAL SCIENCE - SSCI,288,0.377,Q4,0.18,0.00%
Austrian Journal of Political Science,2313-5433,2313-5433,POLITICAL SCIENCE - SSCI,47,0.346,Q4,0.23,100.00%
POLITICKA EKONOMIE,0032-3233,0032-3233,POLITICAL SCIENCE - SSCI,172,0.319,Q4,0.19,77.55%
OSTEUROPA,0030-6428,2509-3444,POLITICAL SCIENCE - SSCI,312,0.31,Q4,0.08,0.00%
INTERNASJONAL POLITIKK,0020-577X,1891-1757,POLITICAL SCIENCE - SSCI,54,0.264,Q4,0.15,100.00%
Romanian Journal of Political Science,1582-456X,N/A,POLITICAL SCIENCE - SSCI,44,0.222,Q4,0.17,0.00%
Telos,0090-6514,1940-459X,POLITICAL SCIENCE - SSCI,123,0.169,Q4,0.15,0.00%
Politix,0295-2319,1953-8286,POLITICAL SCIENCE - SSCI,352,0.164,Q4,0.06,0.00%
REVUE D ECONOMIE POLITIQUE,0373-2630,N/A,POLITICAL SCIENCE - SSCI,235,0.114,Q4,0.07,0.00%
Otoritas-Jurnal Ilmu Pemerintahan,2088-3706,2502-9320,POLITICAL SCIENCE - ESCI,6,n/a,n/a,0.07,100.00%
Asian Journal of Political Science,0218-5377,1750-7812,POLITICAL SCIENCE - ESCI,182,n/a,n/a,0.38,3.17%
Baltic Journal of European Studies,2228-0588,2228-0596,POLITICAL SCIENCE - ESCI,74,n/a,n/a,0.35,100.00%
Polis-Politicheskiye Issledovaniya,1026-9487,1684-0070,POLITICAL SCIENCE - ESCI,499,n/a,n/a,0.39,0.00%
COMMONWEALTH & COMPARATIVE POLITICS,1466-2043,1743-9094,POLITICAL SCIENCE - ESCI,455,n/a,n/a,0.5,1.35%
International Journal of E-Politics,1947-9131,1947-914X,POLITICAL SCIENCE - ESCI,51,n/a,n/a,0.17,0.00%
European Journal of Political Theory,1474-8851,1741-2730,POLITICAL SCIENCE - ESCI,497,n/a,n/a,0.83,9.09%
Journal of Politics in Latin America,1866-802X,1868-4890,POLITICAL SCIENCE - ESCI,247,n/a,n/a,0.44,100.00%
Revista Andina de Estudios Politicos,2221-4135,2221-4135,POLITICAL SCIENCE - ESCI,8,n/a,n/a,0.02,0.00%
Strategic Review for Southern Africa,1013-1108,1013-1108,POLITICAL SCIENCE - ESCI,47,n/a,n/a,0.23,0.00%
Asian Journal of Comparative Politics,2057-8911,2057-892X,POLITICAL SCIENCE - ESCI,129,n/a,n/a,0.39,1.08%
Obrana a Strategie-Defence & Strategy,1214-6463,1802-7199,POLITICAL SCIENCE - ESCI,5,n/a,n/a,0.08,100.00%
SIYASAL-Journal of Political Sciences,N/A,2618-6330,POLITICAL SCIENCE - ESCI,4,n/a,n/a,0.02,37.21%
African Journal on Conflict Resolution,1562-6997,2309-737X,POLITICAL SCIENCE - ESCI,99,n/a,n/a,0.09,0.00%
Journal of Political Science Education,1551-2169,1551-2177,POLITICAL SCIENCE - ESCI,455,n/a,n/a,0.34,0.83%
Foro Interno-Anuario de Teoria Politica,1578-4576,1988-2920,POLITICAL SCIENCE - ESCI,13,n/a,n/a,0.03,100.00%
Revista Brasileira de Estudos Politicos,0034-7191,2359-5736,POLITICAL SCIENCE - ESCI,17,n/a,n/a,0.06,100.00%
Laboratoire Italien-Politique et Societe,1627-9204,2117-4970,POLITICAL SCIENCE - ESCI,7,n/a,n/a,0,100.00%
Journal of International Political Theory,1755-0882,1755-1722,POLITICAL SCIENCE - ESCI,174,n/a,n/a,0.85,7.89%
Revista Espanola de Ciencia Politica-RECP,1575-6548,2173-9870,POLITICAL SCIENCE - ESCI,98,n/a,n/a,0.31,100.00%
European Journal of Transformation Studies,2298-0997,2298-0997,POLITICAL SCIENCE - ESCI,23,n/a,n/a,0.19,0.00%
Sravnitelnaya Politika-Comparative Politics,2221-3279,2412-4990,POLITICAL SCIENCE - ESCI,39,n/a,n/a,0.12,100.00%
Icelandic Review of Politics & Administration,1670-6803,1670-679X,POLITICAL SCIENCE - ESCI,39,n/a,n/a,0.13,100.00%
Revista Internacional de Pensamiento Politico,1885-589X,1885-589X,POLITICAL SCIENCE - ESCI,3,n/a,n/a,0.01,100.00%
Democratic Theory-An Interdisciplinary Journal,2332-8894,2332-8908,POLITICAL SCIENCE - ESCI,58,n/a,n/a,0.17,13.46%
America Latina Hoy-Revista de Ciencias Sociales,1130-2887,2340-4396,POLITICAL SCIENCE - ESCI,115,n/a,n/a,0.15,100.00%
Journal of Elections Public Opinion and Parties,1745-7289,1745-7297,POLITICAL SCIENCE - ESCI,741,n/a,n/a,1.17,9.52%
Peace Economics Peace Science and Public Policy,1079-2457,1554-8597,POLITICAL SCIENCE - ESCI,212,n/a,n/a,0.3,1.18%
Scienza & Politica-Per una Storia delle Dottrine,1590-4946,1825-9618,POLITICAL SCIENCE - ESCI,35,n/a,n/a,0.05,100.00%
Politicka Misao-Croatian Political Science Review,0032-3241,1846-8721,POLITICAL SCIENCE - ESCI,111,n/a,n/a,0.31,100.00%
Zeitschrift fur Vergleichende Politikwissenschaft,1865-2646,1865-2654,POLITICAL SCIENCE - ESCI,170,n/a,n/a,0.33,27.03%
China Quarterly of International Strategic Studies,2377-7400,2377-7419,POLITICAL SCIENCE - ESCI,70,n/a,n/a,0.24,100.00%
Revista de Investigaciones Politicas y Sociologicas,1577-239X,2255-5986,POLITICAL SCIENCE - ESCI,33,n/a,n/a,0.07,48.72%
International Journal of Cyber Warfare and Terrorism,1947-3435,1947-3443,POLITICAL SCIENCE - ESCI,33,n/a,n/a,0.21,0.00%
International Journal of Politics Culture and Society,0891-4486,1573-3416,POLITICAL SCIENCE - ESCI,362,n/a,n/a,0.56,28.16%
Congress & The Presidency-A Journal of Capital Studies,0734-3469,1944-1053,POLITICAL SCIENCE - ESCI,33,n/a,n/a,0.16,0.00%
Geopoliticas-Revista de Estudios sobre Espacio y Poder,2172-3958,2172-7155,POLITICAL SCIENCE - ESCI,73,n/a,n/a,0.12,64.18%
URVIO-Revista Latinoamericana de Estudios de Seguridad,1390-3691,1390-4299,POLITICAL SCIENCE - ESCI,39,n/a,n/a,0.12,100.00%
Politologicky Casopis-Czech Journal of Political Science,1211-3247,1805-9503,POLITICAL SCIENCE - ESCI,79,n/a,n/a,0.46,0.00%
Behavioral Sciences of Terrorism and Political Aggression,1943-4472,1943-4480,POLITICAL SCIENCE - ESCI,237,n/a,n/a,0.85,7.35%
Intersections-East European Journal of Society and Politics,N/A,2416-089X,POLITICAL SCIENCE - ESCI,155,n/a,n/a,0.29,87.21%
Rethinking Marxism-A Journal of Economics Culture & Society,0893-5696,1475-8059,POLITICAL SCIENCE - ESCI,357,n/a,n/a,0.26,0.00%
New Proposals-Journal of Marxism and Interdisciplinary Inquiry,1715-6718,1715-6718,POLITICAL SCIENCE - ESCI,29,n/a,n/a,0.06,100.00%
Revista Mexicana de Analisis Politico y Administracion Publica,2007-4425,2007-4638,POLITICAL SCIENCE - ESCI,15,n/a,n/a,0.01,0.00%
Critical Review of International Social and Political Philosophy,1369-8230,1743-8772,POLITICAL SCIENCE - ESCI,591,n/a,n/a,0.58,7.51%
Italian Political Science Review-Rivista Italiana di Scienza Politica,0048-8402,2057-4908,POLITICAL SCIENCE - ESCI,109,n/a,n/a,0.59,10.34%
Constellations-An International Journal of Critical and Democratic Theory,1351-0487,1467-8675,POLITICAL SCIENCE - ESCI,"1,039",n/a,n/a,0.42,14.47%
Politeia-Journal of Political Theory Political Philosophy and Sociology of Politics,2078-5089,2587-5914,POLITICAL SCIENCE - ESCI,45,n/a,n/a,0.12,100.00%
Cimexus,1870-6479,2007-9206,POLITICAL SCIENCE - ESCI,9,n/a,n/a,0.02,100.00%
Desafios,0124-4035,2145-5112,POLITICAL SCIENCE - ESCI,100,n/a,n/a,0.22,100.00%
Civil Wars,1369-8249,1743-968X,POLITICAL SCIENCE - ESCI,409,n/a,n/a,0.48,16.13%
Izquierdas,0718-5049,0718-5049,POLITICAL SCIENCE - ESCI,220,n/a,n/a,0.07,99.71%
State Crime,2046-6056,2046-6064,POLITICAL SCIENCE - ESCI,66,n/a,n/a,0.39,0.00%
RUSI Journal,0307-1847,1744-0378,POLITICAL SCIENCE - ESCI,388,n/a,n/a,0.29,4.07%
Ethnopolitics,1744-9057,1744-9065,POLITICAL SCIENCE - ESCI,589,n/a,n/a,1.11,4.67%
Insight Turkey,1302-177X,1302-177X,POLITICAL SCIENCE - ESCI,245,n/a,n/a,0.15,0.00%
Politicke Vedy,1335-2741,1338-5623,POLITICAL SCIENCE - ESCI,55,n/a,n/a,0.2,0.00%
Ciudad Paz-Ando,2011-5253,2422-278X,POLITICAL SCIENCE - ESCI,12,n/a,n/a,0.04,100.00%
French Politics,1476-3419,1476-3427,POLITICAL SCIENCE - ESCI,238,n/a,n/a,0.46,4.23%
Temas y Debates,1666-0714,1853-984X,POLITICAL SCIENCE - ESCI,32,n/a,n/a,0.06,100.00%
African Security,1939-2206,1939-2214,POLITICAL SCIENCE - ESCI,211,n/a,n/a,0.6,2.56%
Ciencia Politica,1909-230X,2389-7481,POLITICAL SCIENCE - ESCI,90,n/a,n/a,0.18,100.00%
New Perspectives,2336-825X,2336-8268,POLITICAL SCIENCE - ESCI,69,n/a,n/a,0.26,1.18%
Scottish Affairs,0966-0356,2053-888X,POLITICAL SCIENCE - ESCI,106,n/a,n/a,0.31,2.41%
Analecta Politica,2027-7458,2390-0067,POLITICAL SCIENCE - ESCI,12,n/a,n/a,0.02,100.00%
Capital and Class,0309-8168,2041-0980,POLITICAL SCIENCE - ESCI,521,n/a,n/a,0.8,12.04%
East Asian Policy,1793-9305,2251-3175,POLITICAL SCIENCE - ESCI,49,n/a,n/a,0.09,0.00%
Politics & Policy,1555-5623,1747-1346,POLITICAL SCIENCE - ESCI,618,n/a,n/a,0.44,4.31%
Politica & Societa,2240-7901,2240-7901,POLITICAL SCIENCE - ESCI,25,n/a,n/a,0.06,0.00%
Reflexion Politica,0124-0781,0124-0781,POLITICAL SCIENCE - ESCI,17,n/a,n/a,0.03,69.57%
Tocqueville Review,0730-479X,1918-6649,POLITICAL SCIENCE - ESCI,49,n/a,n/a,0.06,0.00%
NATIONAL IDENTITIES,1460-8944,1469-9907,POLITICAL SCIENCE - ESCI,425,n/a,n/a,0.57,3.03%
Politica y Sociedad,1130-8001,1988-3129,POLITICAL SCIENCE - ESCI,472,n/a,n/a,0.15,100.00%
Cuestiones Politicas,0798-1406,0798-1406,POLITICAL SCIENCE - ESCI,18,n/a,n/a,0.08,1.31%
Democracy & Security,1741-9166,1555-5860,POLITICAL SCIENCE - ESCI,150,n/a,n/a,0.22,3.51%
Global Social Policy,1468-0181,1741-2803,POLITICAL SCIENCE - ESCI,457,n/a,n/a,0.88,13.92%
Politique Europeenne,1623-6297,2105-2875,POLITICAL SCIENCE - ESCI,113,n/a,n/a,0.08,0.00%
Latin American Policy,2041-7365,2041-7373,POLITICAL SCIENCE - ESCI,67,n/a,n/a,0.27,3.92%
New Political Science,0739-3148,1469-9931,POLITICAL SCIENCE - ESCI,476,n/a,n/a,0.49,1.89%
Pensamiento al Margen,2386-6098,2386-6098,POLITICAL SCIENCE - ESCI,27,n/a,n/a,0.14,100.00%
East European Politics,2159-9165,2159-9173,POLITICAL SCIENCE - ESCI,643,n/a,n/a,1.09,4.95%
Anacronismo e Irrupcion,2250-4982,2250-4982,POLITICAL SCIENCE - ESCI,18,n/a,n/a,0.03,0.00%
Asian Politics & Policy,1943-0779,1943-0787,POLITICAL SCIENCE - ESCI,226,n/a,n/a,0.31,0.00%
Journal of Civil Society,1744-8689,1744-8697,POLITICAL SCIENCE - ESCI,449,n/a,n/a,0.6,15.25%
Turkish Policy Quarterly,1303-5754,1303-5754,POLITICAL SCIENCE - ESCI,126,n/a,n/a,0.1,0.00%
Revista Estudos Politicos,2177-2851,2177-2851,POLITICAL SCIENCE - ESCI,7,n/a,n/a,0,0.00%
Studies in Social Justice,1911-4788,1911-4788,POLITICAL SCIENCE - ESCI,252,n/a,n/a,0.33,100.00%
American Political Thought,2161-1580,2161-1599,POLITICAL SCIENCE - ESCI,47,n/a,n/a,0.13,0.00%
Conflict Studies Quarterly,2285-7605,2285-7605,POLITICAL SCIENCE - ESCI,23,n/a,n/a,0.14,0.00%
Interest Groups & Advocacy,2047-7414,2047-7422,POLITICAL SCIENCE - ESCI,338,n/a,n/a,0.71,11.27%
Journal of Political Power,2158-379X,2158-3803,POLITICAL SCIENCE - ESCI,347,n/a,n/a,0.69,9.52%
Partecipazione e Conflitto,1972-7623,2035-6609,POLITICAL SCIENCE - ESCI,284,n/a,n/a,0.71,100.00%
Studies in Indian Politics,2321-0230,2321-7472,POLITICAL SCIENCE - ESCI,85,n/a,n/a,0.25,0.00%
Revista de Paz y Conflictos,1988-7221,1988-7221,POLITICAL SCIENCE - ESCI,50,n/a,n/a,0.07,100.00%
Journal of Genocide Research,1462-3528,1469-9494,POLITICAL SCIENCE - ESCI,776,n/a,n/a,0.44,3.19%
Regional and Federal Studies,1359-7566,1743-9434,POLITICAL SCIENCE - ESCI,680,n/a,n/a,0.81,4.60%
Storia del Pensiero Politico,2279-9818,2279-9818,POLITICAL SCIENCE - ESCI,14,n/a,n/a,0.02,0.00%
Critical Studies on Terrorism,1753-9153,1753-9161,POLITICAL SCIENCE - ESCI,604,n/a,n/a,0.93,8.70%
IDP-Internet Law and Politics,1699-8154,1699-8154,POLITICAL SCIENCE - ESCI,36,n/a,n/a,0.12,100.00%
Totalitarismus und Demokratie,1612-9008,2196-8276,POLITICAL SCIENCE - ESCI,2,n/a,n/a,0.03,30.77%
Genocide Studies International,2291-1847,2291-1855,POLITICAL SCIENCE - ESCI,18,n/a,n/a,0.11,0.00%
Global Change Peace & Security,1478-1158,1478-1166,POLITICAL SCIENCE - ESCI,244,n/a,n/a,0.49,0.00%
International Critical Thought,2159-8282,2159-8312,POLITICAL SCIENCE - ESCI,99,n/a,n/a,0.11,0.85%
Journal of Political Marketing,1537-7857,1537-7865,POLITICAL SCIENCE - ESCI,522,n/a,n/a,0.83,4.41%
Nordic Journal of Human Rights,1891-8131,1891-814X,POLITICAL SCIENCE - ESCI,60,n/a,n/a,0.23,10.20%
Journal of Comparative Politics,1338-1385,1338-1385,POLITICAL SCIENCE - ESCI,44,n/a,n/a,0.37,0.00%
Chinese Political Science Review,2365-4244,2365-4252,POLITICAL SCIENCE - ESCI,193,n/a,n/a,0.64,12.50%
Journal of Human Rights Practice,1757-9619,1757-9627,POLITICAL SCIENCE - ESCI,321,n/a,n/a,0.72,9.28%
Revista Estudios Socio-Juridicos,0124-0579,2145-4531,POLITICAL SCIENCE - ESCI,6,n/a,n/a,0.08,100.00%
Teoria y Realidad Constitucional,1139-5583,1139-5583,POLITICAL SCIENCE - ESCI,92,n/a,n/a,0.14,0.00%
Australasian Parliamentary Review,1447-9125,1447-9125,POLITICAL SCIENCE - ESCI,41,n/a,n/a,0.05,0.00%
Canadian Political Science Review,1911-4125,1911-4125,POLITICAL SCIENCE - ESCI,57,n/a,n/a,0.07,0.00%
,,,,,,,,
Copyright (c) 2021 Clarivate,,,,,,,,
By exporting the selected data; you agree to the data usage policy set forth in the Terms of Use,,,,,,,,
