doi	V2	data_count	stat_count	stat_count_minus_ast	game_formal	stat_game_ratio	data_bool	stat_bool	stat_bool_minus_ast
10.1177_1532673x20959606	Expanding constituency support through shared local roots in u.s. House primaries	46	109	34	2	0.981981981981982	0	1	1
10.1016_j.ejpoleco.2018.06.004	Positional concern and low demand for redistribution of the poor	38	52	52	4	0.928571428571429	0	0	1
10.1080_13533312.2019.1660166	Deploying to protect: the effect of military peacekeeping deployments on violence against civilians	53	308	62	1	0.996763754045307	0	1	1
10.1177_0022343313478958	Who killed in rwanda's genocide? Micro-space, social influence and individual participation in intergroup violence	74	151	42	7	0.955696202531646	1	1	1
10.1007_s11109-017-9393-9	Rethinking representation from a communal perspective	60	113	52	1	0.991228070175439	0	1	1
10.1086_705817	Shifting standards: how voters evaluate the qualifications of female and male candidates	39	7	7	0	1	0	0	0
10.1111_ajps.12380	Narcissism and political orientations	26	54	54	0	1	0	0	1
10.1017_s0043887119000017	Foreign financing and the international sources of property rights	41	545	45	5	0.990909090909091	0	1	1
10.1017_psrm.2016.45	Political corruption traps	14	64	41	9	0.876712328767123	0	1	1
10.1111_twec.12256	Foreign market entry under incomplete contracts	23	17	17	2	0.894736842105263	0	0	0
10.1177_0010414017710257	Is legal mobilization for the birds? Legal opportunity structures and environmental nongovernmental organizations in the united kingdom, france, finland, and italy	7	4	4	5	0.444444444444444	0	0	0
10.1017_s0007123416000491	Electoral fraud or violence: the effect of observers on party manipulation strategies	38	13	11	3	0.8125	0	0	0
10.1111_j.1743-8594.2012.00188.x	Interpersonal discussions and attitude formation on foreign policy: the case of polish involvement in the iraq war	78	125	27	14	0.899280575539568	1	1	0
10.1111_jcms.13016	Eu cohesion policy under the media spotlight: exploring territorial and temporal patterns in news coverage and tone	38	24	22	2	0.923076923076923	0	0	0
10.1111_twec.12448	The role for long-run target values of the exchange rate in the bank of japan's policy reaction function	63	1659	175	0	1	1	1	1
10.1002_polq.12773	Humanitarianism, state sovereignty, and authoritarian regime maintenance in the syrian war	21	0	0	8	0	0	0	0
10.1017_s002238160999079x	Distinct emotions, distinct domains: anger, anxiety and perceptions of intentionality	9	72	9	1	0.986301369863014	0	1	0
10.1111_1475-6765.12309	Electoral reforms, entry barriers and the structure of political markets: a comparative analysis	28	39	25	5	0.886363636363636	0	0	0
10.1080_10357718.2011.535602	An east asian security community: japan, australia and resources as 'security'	1	32	6	2	0.941176470588235	0	0	0
10.1057_ap.2012.15	A sequential analysis of democratic deliberation	0	10	10	8	0.555555555555556	0	0	0
10.1016_j.marpol.2020.104159	Impacts of the training of mud crab farmers: an adaptation strategy to cope with salinity intrusion in bangladesh	62	211	69	2	0.990610328638498	1	1	1
10.1016_j.postcomstud.2015.07.001	"Back to the future?"""" Cuban—russian relations under raúl castro"	9	0	0	1	0	0	0	0
10.1111_1467-9248.12114	Environmental democratisation: assessing the impact of democratisation on environmental capacity in south and southeastern europe	14	1	1	14	0.0666666666666667	0	0	0
10.1007_s11127-011-9867-y	Better that ten guilty persons escape: punishment costs explain the standard of evidence	20	54	54	0	1	0	0	1
10.1017_s0003055414000239	Quotas for Men: Reframing Gender Quotas as a Means of Improving Representation for All	11	5	5	4	0.555555555555556	0	0	0
10.1111_1467-9248.12016	Constitution or competence? The snp's re-election in 2011	37	167	38	0	1	0	1	1
10.1111_j.1548-2456.2011.00108.x	Political corruption in central america: assessment and explanation	16	15	15	1	0.9375	0	0	0
10.1017_s0003055414000343	Notes from the Editors	14	8	8	1	0.888888888888889	0	0	0
10.1016_j.marpol.2021.104593	Gender equality for sustainability in ports: developing a framework	29	6	1	5	0.545454545454545	0	0	0
10.1111_j.1540-5907.2011.00563.x	Government versus opposition at the polls: how governing status affects the impact of policy positions	57	63	63	0	1	0	1	1
10.1017_s0143814x13000147	Policing methamphetamine problems: a framework for synthesising expert opinion and evaluating alternative policy options	48	11	8	0	1	0	0	0
10.5305_amerjintelaw.109.1.fm	Aji volume 109 issue 1 cover and front matter	1	51	1	0	1	0	0	0
10.1177_1465116516662155	Issue expansion and selective scrutiny – how opposition parties used parliamentary questions about the european union in the national arena from 1973 to 2013	63	104	70	4	0.962962962962963	1	1	1
10.1017_s0043887110000201	Organizational determinants of wage moderation	64	705	80	9	0.987394957983193	1	1	1
10.1007_s10308-014-0384-8	Online relationship management, friendship cultures, and ego-networks of young people in thailand and austria	13	25	9	6	0.806451612903226	0	0	0
10.1017_s0007123409990238	The red queen and the dynamics of resource spending in party competition	6	5	3	10	0.333333333333333	0	0	0
10.1080_13501763.2013.867892	When european integration becomes costly: the euro crisis and public support for european economic governance	46	151	43	0	1	0	1	1
10.1111_jcms.v54.1	""	7	2	0	4	0.333333333333333	0	0	0
10.1017_s0260210519000111	Pragmatism, practices, and human rights	0	13	11	7	0.65	0	0	0
10.1080_13501763.2021.1881586	Eu boundaries in the making: functionalist versus federalist	7	5	5	6	0.454545454545455	0	0	0
10.1111_j.1976-5118.2012.01074.x	North korea's second nuclear test: neoclassical realism perspectives*	28	10	8	0	1	0	0	0
10.1017_s0892679411000359	Excesses of responsibility: the limits of law and the possibilities of politics	4	6	4	6	0.5	0	0	0
10.1080_09546553.2021.1880231	A public health ethics model of countering violent extremism	11	4	4	6	0.4	0	0	0
10.1111_twec.12287	Remittances and financial access: is there really a link and for whom? Evidence from mexican household data	70	460	88	22	0.954356846473029	1	1	1
10.1017_s1049096514001218	"Is federalism still the """"dark continent"""" of political science teaching? Yes and no"	46	40	3	1	0.975609756097561	0	0	0
10.1007_s11109-012-9199-8	Variability or moderation? The effects of ambivalence on political opinions	56	409	85	0	1	0	1	1
10.1111_j.1468-0491.2012.01578.x	Managers of global change: the influence of environmental bureaucracies - edited by frank biermann and bernd siebenhüner	10	2	2	0	1	0	0	0
10.1177_1532673x10371300	Divine boundaries: how religion shapes citizens' attitudes toward immigrants	38	243	50	1	0.995901639344262	0	1	1
10.1111_pops.12009	A dual process model of attitudes towards immigration: person × residential area effects in a national sample	38	49	34	0	1	0	0	1
10.1177_0010836714532916	Leading from the front: america, libya and the localisation of r2p	20	10	10	1	0.909090909090909	0	0	0
10.1111_mepo.12514	The syrian refugee crisis in jordan and lebanon: impact and implications	13	1	0	7	0.125	0	0	0
10.1016_j.ejpoleco.2017.04.005	Social mobility at the top and the higher education system	52	37	26	2	0.948717948717949	0	0	0
10.1016_j.marpol.2020.103939	Achieving coordination of decentralized fisheries governance through collaborative arrangements: a case study of the sian ka'an biosphere reserve in mexico	13	5	3	16	0.238095238095238	0	0	0
10.1177_0002716219869907	Feedback effects and the criminal justice bureaucracy: officer attitudes and the future of correctional reform	45	232	14	2	0.991452991452991	0	1	0
10.1016_j.polgeo.2018.05.009	Could rainfall have swung the result of the brexit referendum?	72	250	73	0	1	1	1	1
10.1162_isec_a_00139	Legitimating power: the domestic politics of u.s. International hierarchy	24	3	3	14	0.176470588235294	0	0	0
10.1162_isec_a_00023	The rise of muslim foreign fighters: islam and the globalization of jihad	7	55	1	2	0.964912280701754	0	0	0
10.1177_0022002717721395	Exploring the universe of un human rights agreements	44	13	13	0	1	0	0	0
10.1086_702945	Groceries for votes: the electoral returns of vote buying	47	149	59	3	0.980263157894737	0	1	1
10.1093_jopart_mup027	Personnel flexibility and red tape in public and nonprofit organizations: distinctions due to institutional and political accountability	77	192	46	32	0.857142857142857	1	1	1
10.1017_gov.2012.3	Learning to depart from a policy path: institutional change and the reform of german labour market policy	1	15	13	14	0.517241379310345	0	0	0
10.1016_j.marpol.2015.11.010	Evaluating seafood eco-labeling as a mechanism to reduce collateral impacts of fisheries in an ecosystem-based fisheries management context	74	14	9	2	0.875	1	0	0
10.1017_s0003055413000373	Methodological Individualism and Holism in Political Science: A Reconciliation	13	6	6	5	0.545454545454545	0	0	0
10.1177_1354068815605674	Resourcing the constituency campaign in the uk	29	51	1	0	1	0	0	0
10.1111_1467-856x.12041	Englishness politicised?: unpicking the normative implications of the mckay commission	6	3	3	0	1	0	0	0
10.1177_0010414013488544	Watch the crowd	50	462	80	2	0.995689655172414	0	1	1
10.1162_jcws_a_00137	Conflict and cooperation in intra-alliance nuclear politics: western europe, the united states, and the genesis of nato's dual-track decision, 1977–1979	4	8	8	3	0.727272727272727	0	0	0
10.1017_ajil.2017.5	Case of the kaliña and lokono peoples v. Suriname	0	7	1	0	1	0	0	0
10.1111_1475-6765.12319	On prediction in political science	13	21	21	24	0.466666666666667	0	0	0
10.1177_0022002717721395	Exploring the universe of un human rights agreements	44	13	13	0	1	0	0	0
10.1111_1758-5899.12097	Newspaper coverage and climate change legislative activity across us states	37	79	79	0	1	0	1	1
10.1007_s11127-009-9499-7	Gauging the potential for social unrest	7	9	9	0	1	0	0	0
10.1017_s1474745618000022	'Fossil fueling the apocalypse': australian coal subsidies and the agreement on subsidies and countervailing measures	11	3	1	0	1	0	0	0
10.1111_j.1467-9299.2010.01814.x	Keeping in control: the modest impact of the eu on danish legislation	10	0	0	21	0	0	0	0
10.1016_j.ejpoleco.2017.09.005	Income inequality and oligarchs in russian regions: a note	74	716	41	1	0.99860529986053	1	1	1
10.1111_j.1541-0072.2010.00398.x	Governance structures: using iad to understand variation in service delivery for club goods with information asymmetry	9	2	2	2	0.5	0	0	0
10.1093_ijtj_ijz003	'Leaky' bodies, connectivity and embodied transitional justice	1	6	4	0	1	0	0	0
10.1016_j.marpol.2018.05.027	A decision model responding to the refuge request from a ship in need of assistance	16	6	6	0	1	0	0	0
10.1007_s10308-012-0325-3	Interregional relations and legitimacy in global governance: the eu in asem	0	6	4	17	0.260869565217391	0	0	0
10.1177_0738894214532411	Let them eat cake: food prices, domestic policy and social unrest	48	196	59	2	0.98989898989899	0	1	1
10.1016_j.marpol.2021.104444	Marine renewable energy and maritime spatial planning in spain: main challenges and recommendations	14	3	1	8	0.272727272727273	0	0	0
10.1111_jcms.12899	Towards an antifederalist theory of the eu: democratic federal lessons for the european union	0	12	2	2	0.857142857142857	0	0	0
10.1177_1369148120910991	Social protectionist bias: the domestic politics of north–south trade agreements	56	201	54	2	0.990147783251231	0	1	1
10.1007_s11109-016-9366-4	Explaining public support for counterproductive homelessness policy: the role of disgust	32	30	30	1	0.967741935483871	0	0	0
10.1016_j.marpol.2019.103613	Small-scale shrimp fisheries bycatch: a multi-criteria approach for data-scarse situations	37	50	19	2	0.961538461538461	0	0	0
10.1016_j.electstud.2018.10.002	Party ambiguity and individual preferences	75	297	49	2	0.993311036789298	1	1	1
10.1111_j.1467-9701.2010.01295.x	Are us exports different from china's exports? Evidence from japan's imports	26	3	3	0	1	0	0	0
10.1093_ejil_cht025	Investment treaty arbitration and the (new) law of state responsibility	0	8	6	1	0.888888888888889	0	0	0
10.1111_twec.12270	Export quality and the dynamics of north-south competition	9	8	4	0	1	0	0	0
10.1086_704785	Consultation and selective censorship in china	17	29	13	0	1	0	0	0
10.1111_jopp.12126	Political marketing and intellectual autonomy	6	5	3	1	0.833333333333333	0	0	0
10.1080_1540496x.2015.1098052	Corporate governance reform, board structure, and its determinants in the banking industry—evidence from taiwan	56	553	48	0	1	0	1	1
10.1162_glep_a_00216	Governance by diffusion: transnational municipal networks and the spread of local climate strategies in europe	30	40	36	4	0.909090909090909	0	0	1
10.1111_1468-2346.12701	Off-road policing: communications technology and government authority in somaliland	8	4	2	11	0.266666666666667	0	0	0
10.31945_iprij.180202	India's nuclear doctrine: a case of strategic dissonance or deliberate ambiguity	5	10	8	3	0.769230769230769	0	0	0
10.1057_s41268-019-00175-7	Social movements in cambodia: why they succeed or fail	13	7	6	10	0.411764705882353	0	0	0
10.1016_j.marpol.2014.02.017	Estimating the potential impact of entry fees for marine parks on dive tourism in south east asia	36	31	31	1	0.96875	0	0	1
10.1177_1478929918777975	The radical right in western europe: a meta-analysis of structural factors	66	27	27	0	1	1	0	0
10.1017_gov.2014.47	Why are there independents in ireland?	27	80	21	2	0.975609756097561	0	1	0
10.1017_psrm.2019.17	Political representation and effects of municipal mergers	45	79	75	5	0.940476190476191	0	1	1
10.1007_s11109-012-9194-0	Direct democracy: protest catalyst or protest alternative?	73	284	52	1	0.996491228070175	1	1	1
10.1080_07036337.2014.990135	Methodological europeanism at the cradle: eur-lex, theacquisand the making of europe's cognitive equipment	26	1	1	4	0.2	0	0	0
10.1016_j.marpol.2015.05.004	Livelihood strategies in a marine extractive reserve: implications for conservation interventions	50	3	3	10	0.230769230769231	0	0	0
10.1016_j.electstud.2010.01.005	Party strategies and electoral competition in post-communist countries: evidence from poland	71	32	30	1	0.96969696969697	1	0	0
10.1016_j.marpol.2011.01.016	Producing nature and enacting difference in ecosystem-based fisheries management: an example from the northeastern us	31	0	0	0		0	0	0
10.1111_j.1475-6765.2010.01963.x	Luxembourg	10	5	3	3	0.625	0	0	0
10.1111_j.1976-5118.2012.01074.x	North korea's second nuclear test: neoclassical realism perspectives*	28	10	8	0	1	0	0	0
10.1016_j.postcomstud.2010.07.004	Power-loss or power-transition? Assessing the limits of using the energy sector in reviving russia's geopolitical stature	61	4	4	1	0.8	1	0	0
10.1080_14782804.2020.1784112	Mining pigs. A structural topic model analysis of southern europe based on the german newspaper die zeit (1946-2009)	39	10	10	0	1	0	0	0
10.1080_13510347.2019.1704266	Authoritarian innovations in indonesia: electoral narrowing, identity politics and executive illiberalism	36	3	3	2	0.6	0	0	0
10.1093_pan_mpt048	Polarization and ideology: partisan sources of low dimensionality in scaled roll call analyses	50	44	44	8	0.846153846153846	0	0	1
10.1177_0305829820935175	Archiving (in)justice: building archives and imagining community	3	9	9	2	0.818181818181818	0	0	0
10.1086_691218	Between a rock and a hard place: international ngos and the dual pressures of donors and host governmentsthe taming of democracy assistance: why democracy promotion does not confront dictators. By sarah sunn bush. Cambridge: cambridge university press, 2015.Help or harm: the human security effects of international ngos. By amanda murdie. Stanford, ca: stanford university press, 2014.Civil society under authoritarianism: the china model. By jessica c. Teets. Cambridge: cambridge university press, 2014.	11	5	5	7	0.416666666666667	0	0	0
10.1017_s1743923x12000062	Confining social insecurity: neoliberalism and the rise of the 21st century debtors' prison	49	3	3	3	0.5	0	0	0
10.1017_s0022381611001794	A theory of opinion writing in a political hierarchy	32	207	87	13	0.940909090909091	0	1	1
10.1111_ajps.12422	Strategic spending: does politics influence election administration expenditure?	56	47	47	1	0.979166666666667	0	0	1
10.1111_lsq.12238	Geographic representation in party‐dominated legislatures: a quantitative text analysis of parliamentary questions in the german bundestag	51	155	41	4	0.974842767295597	0	1	1
10.1146_annurev-polisci-031710-112215	Geographic Information Systems and the Spatial Dimensions of American Politics	24	46	46	3	0.938775510204082	0	0	1
10.1017_s1049096510000053	Demographic change and the future of congress	18	0	0	0		0	0	0
10.1177_0002716215569446	Big data under the microscope and brains in social context	19	13	11	0	1	0	0	0
10.1016_j.polgeo.2020.102170	Reflections on disaster colonialism: response to yarimar bonilla's 'the wait of disaster'	0	7	5	0	1	0	0	0
10.1080_13608746.2019.1582667	Piecing together the 'turkish puzzle' on female labour force participation: comparative insights from southern europe	34	5	3	10	0.333333333333333	0	0	0
10.1590_0034-7329201400310	A discreta transição da coreia do norte: diplomacia de risco e modernização sem reforma	1	8	0	3	0.727272727272727	0	0	0
10.1080_1060586x.2020.1712987	Biting the hand that feeds them? Abkhazia–russia client–patron relations	15	1	1	6	0.142857142857143	0	0	0
10.1093_chinesejil_jmv010	Intervention in an arbitral proceeding under annex vii to the unclos?	1	6	5	1	0.857142857142857	0	0	0
10.1093_ejil_chr105	The protection of humanitarian legal goods by national judges	0	21	13	20	0.51219512195122	0	0	0
10.1080_09592296.2014.936197	J.m. Keynes and the personal politics of reparations: part 1	8	0	0	2	0	0	0	0
10.1016_j.marpol.2011.02.003	Quota concentration in the new zealand fishery: annual catch entitlement and the small fisher	21	0	0	0		0	0	0
10.1080_13608746.2011.598348	Diagnosing trends and determinants in public support for turkey's eu membership	26	87	17	0	1	0	1	0
10.1017_s1537592710001246	Charles tilly's problem situations: from class and revolution to mechanisms and contentious politics	6	0	0	1	0	0	0	0
10.1017_s1049096517002566	Research replication: practical considerations	9	15	15	0	1	0	0	0
10.1016_j.polgeo.2020.102269	Is planning still political? The politicization of high-speed rail in spain (1986–2016)	12	4	2	6	0.4	0	0	0
10.1111_twec.2014.37.issue-5	""	22	28	28	1	0.96551724137931	0	0	0
10.1162_isec_c_00118	Correspondence: assessing the synergy thesis in iraq	11	23	23	2	0.92	0	0	0
10.1080_21647259.2019.1686797	Civil society during war: the case of yemen	26	41	2	5	0.891304347826087	0	0	0
10.1093_ijpor_edp045	Impact of poll results on personal opinions and perceptions of collective opinion	62	42	42	0	1	1	0	1
10.1007_s11127-009-9555-3	Politician preferences, law-abiding lobbyists and caps on political contributions	38	14	14	12	0.538461538461538	0	0	0
10.1017_s0003055416000198	PSR volume 110 issue 3 Cover and Back matter	0	10	0	1	0.909090909090909	0	0	0
10.1111_j.1475-6765.2009.01908.x	How political parties frame european integration	10	1	1	1	0.5	0	0	0
10.1111_padm.12326	Comparing the autonomy of international public administrations: an ideal-type approach	4	7	4	7	0.5	0	0	0
10.1017_s0003055414000410	The Political Mobilization of Ethnic and Religious Identities in Africa	26	66	66	7	0.904109589041096	0	1	1
10.1017_s1049096516000615	Psc volume 49 issue 2 cover and front matter	2	6	6	0	1	0	0	0
10.1111_1475-6765.12386	Action repertoires in contentious episodes: what determines governments' and challengers' action strategies? A cross‐national analysis	47	42	42	3	0.933333333333333	0	0	1
10.1017_s1049096513001601	Teaching the unfamiliar to a crowd	6	6	6	6	0.5	0	0	0
10.1017_psrm.2020.56	City limits to partisan polarization in the american public	30	103	91	0	1	0	1	1
10.1111_pafo.12130	"Corporate public diplomacy and global communication of china's """"belt and road"""" initiative"	9	0	0	4	0	0	0	0
10.1017_s0007123416000028	Social norms after conflict exposure and victimization by violence: experimental evidence from kosovo	15	184	46	25	0.880382775119617	0	1	1
10.1111_padm.12192	How to make public networks really work: a qualitative comparative analysis	58	20	5	58	0.256410256410256	0	0	0
10.1007_s10308-018-0512-y	Energy cooperation in the belt and road initiative: eu experience of the trans-european networks for energy	10	1	0	0	1	0	0	0
10.1111_lsq.12182	Disentangling the role of ideology and partisanship in legislative voting: evidence from argentina	74	150	76	2	0.986842105263158	1	1	1
10.1017_s0003055419000327	Does Public Opinion Constrain Presidential Unilateralism?	33	12	9	5	0.705882352941177	0	0	0
10.1017_s0003055416000782	Taking Sides in Wars of Attrition	29	46	46	75	0.380165289256198	0	0	1
10.1016_j.polgeo.2021.102448	International rivers as border infrastructures: en/forcing borders in south asia	6	13	13	2	0.866666666666667	0	0	0
10.1111_j.1467-856x.2011.00477.x	Employing gramsci in support of laski on the problems of british idealism	0	8	8	5	0.615384615384615	0	0	0
10.1093_ser_mww021	Patient versus impatient capital: the (non-) financialization of real estate developers in the low countries	82	6	2	0	1	1	0	0
10.1017_s0020818316000059	Learning from the battlefield: information, domestic politics, and interstate war duration	59	353	67	6	0.983286908077995	0	1	1
10.1093_afraf_ads077	Who believes in witches? Institutional flux in sierra leone	43	133	28	2	0.985185185185185	0	1	0
10.1080_10584609.2020.1753866	Raising the floor or closing the gap? How media choice and media content impact political knowledge	80	51	49	3	0.944444444444444	1	0	1
10.1111_j.1467-9701.2010.01299.x	International trade agreements and international migration	6	12	12	5	0.705882352941177	0	0	0
10.1146_annurev-polisci-051017-113314	The Return of the Single-Country Study	31	20	18	1	0.952380952380952	0	0	0
10.1080_03050629.2019.1554573	Explaining the number of rebel groups in civil wars	42	119	27	2	0.983471074380165	0	1	0
10.1080_13563467.2016.1198757	Governing new global health-care markets: the case of stem cell treatments	1	17	17	2	0.894736842105263	0	0	0
10.1111_rego.2010.4.issue-4	""	16	38	32	23	0.622950819672131	0	0	1
10.1017_s0260210510001099	Global cities and the transformation of the international system	3	6	4	0	1	0	0	0
10.1111_j.1467-856x.2010.00403.x	Much ado about not very much: the electoral consequences of postal voting at the 2005 british general election	16	53	12	2	0.963636363636364	0	0	0
10.1017_s1474745610000418	Transparency of complex regulation: how should wto trade policy reviews deal with sanitary and phytosanitary policies?	10	6	4	6	0.5	0	0	0
10.1080_09546553.2013.809339	Legislative responses to terrorism: what drives states to adopt new counterterrorism legislation?	92	39	39	0	1	1	0	1
10.1093_isr_viaa001	Forum: coding in tongues: developing non-english coding schemes for leadership profiling	17	23	17	6	0.793103448275862	0	0	0
10.1057_jird.2014.3	Order and disorder across geopolitical space: the effect of declining dominance on interstate conflict	35	61	37	0	1	0	1	1
10.1111_ajps.12423	Measuring and explaining political sophistication through textual complexity	67	56	56	0	1	1	0	1
10.1093_ijpor_edv020	A just distribution of burdens? Attitudes toward the social distribution of taxes in 26 welfare states	57	256	36	2	0.992248062015504	0	1	1
10.1177_1065912915623639	Trust is good, control is better	28	246	45	2	0.991935483870968	0	1	1
10.1016_j.marpol.2019.103781	Towards a marine strategy for the deep mediterranean sea: analysis of current ecological status	44	7	5	0	1	0	0	0
10.1111_ajps.12365	Putting politics first: the impact of politics on american religious and secular orientations	60	71	71	0	1	0	1	1
10.1111_jcms.12984	Mind the gap: southern exit, northern voice and changing loyalties since the euro crisis	36	28	27	1	0.96551724137931	0	0	0
10.1016_j.marpol.2009.10.002	Formalizing expert knowledge to compare alternative management plans: sociological perspective to the future management of baltic salmon stocks	42	20	20	5	0.8	0	0	0
10.1016_j.marpol.2016.11.008	Profitability and economic drivers of small pelagic fisheries in west africa: a twenty year perspective	68	0	0	2	0	1	0	0
10.1111_1467-9248.12077	Learning the game: explaining party system convergence in european democracies	48	422	79	18	0.959090909090909	0	1	1
10.1016_j.marpol.2018.04.009	Fishers' participation in small-scale fisheries. A structural analysis of the cabo de palos-islas hormigas mpa, spain	30	0	0	4	0	0	0	0
10.1111_pops.2011.32.issue-3	""	53	74	60	1	0.986666666666667	0	1	1
10.1111_ajps.12341	Bankrolling repression? Modeling third-party influence on protests and repression	32	11	9	29	0.275	0	0	0
10.1177_0022343319881175	Tracking organizations in the world: the correlates of war igo version 3.0 datasets	40	8	8	15	0.347826086956522	0	0	0
10.1007_s11127-010-9734-2	Voter uncertainty and failure of duverger's law: an empirical analysis	50	65	55	12	0.844155844155844	0	1	1
10.1177_0002716218767383	Estimating the characteristics of unauthorized immigrants using u.s. Census data: combined sample multiple imputation	24	14	14	0	1	0	0	0
10.1057_s41311-017-0061-9	Foreign policy coordination vis-à-vis the international norm of sovereignty: macedonia's and montenegro's recognition of kosovo	14	1	1	1	0.5	0	0	0
10.1016_j.marpol.2015.05.017	Eco-touristic snorkelling routes at marinha beach (algarve): environmental education and human impacts	36	8	8	2	0.8	0	0	0
10.1111_jcms.12070	Trade agreements as venues for ´market power e urope´? The case of immigration policy	18	67	36	3	0.957142857142857	0	1	1
10.1007_s11558-017-9284-1	Divulging data: domestic determinants of international information sharing	54	655	31	5	0.992424242424242	0	1	1
10.1017_s0003055420001136	Why Austerity? The Mass Politics of a Contested Policy	95	53	53	1	0.981481481481481	1	0	1
10.1007_s11109-019-09552-x	Friends from across the aisle: the effects of partisan bonding, partisan bridging, and network disagreement on outparty attitudes and political engagement	44	456	31	1	0.99781181619256	0	1	1
10.1002_poi3.212	Movement mobilization in the age of hashtag activism: examining the challenge of noise, hate, and disengagement in the \#metoo campaign	24	15	14	3	0.833333333333333	0	0	0
10.1111_j.1475-6765.2010.01969.x	Portugal	15	6	1	0	1	0	0	0
10.1093_ser_mwaa023	Industrial possibilities and false necessity: rethinking production, employment and labor dynamics in the global economy1	14	4	2	0	1	0	0	0
10.1177_0010414019843567	Linkage switches in local elections: evidence from the workers' party in brazil	48	60	56	5	0.923076923076923	0	0	1
10.1007_s11127-019-00661-z	Bargaining in legislatures over private and public goods with endogenous recognition	16	15	14	43	0.258620689655172	0	0	0
10.1177_0022343313498764	Blue helmets as targets	62	123	48	1	0.991935483870968	1	1	1
10.1177_0967010615593038	Sovereign safety	12	10	6	1	0.909090909090909	0	0	0
10.1016_j.marpol.2012.06.005	Fishing gear substitution to reduce bycatch and habitat impacts: an example of social–ecological research to inform policy	13	3	3	5	0.375	0	0	0
10.1007_s12116-009-9058-8	Patronage, district creation, and reform in uganda	31	65	16	0	1	0	1	0
10.1017_s1049096518001798	Different levels of government, different levels of political competence?	10	0	0	0		0	0	0
10.1016_j.marpol.2018.10.008	Resilience of an inshore fishing population in hong kong: paradox and potential for sustainable fishery policy	22	2	2	3	0.4	0	0	0
10.1177_1065912919870280	Trends: racial resentment and public opinion across the racial divide	56	426	102	0	1	0	1	1
10.1111_j.1467-9299.2010.01882.x	Administrative professionals and the diffusion of innovations: the case of citizen service centres	56	64	64	6	0.914285714285714	0	1	1
10.1111_ajps.12346	Making austerity popular: the media and mass attitudes toward fiscal policy	46	45	45	1	0.978260869565217	0	0	1
10.1017_s0260210518000189	Realist climate ethics: promoting climate ambition within the classical realist tradition	17	3	1	1	0.75	0	0	0
10.1177_1369148120918852	From multi-speed to multi-stream? Recognising the motivations, processes and triggers behind party membership	32	1	1	0	1	0	0	0
10.1111_1758-5899.12419	China's marine fishery and global ocean governance	10	0	0	0		0	0	0
10.1111_j.1540-5907.2011.00526.x	Electoral selection with parties and primaries	28	49	49	5	0.907407407407407	0	0	1
10.1590_0034-7329201400103	From tegucigalpa to teheran: brazil's diplomacy as an emerging western country	18	19	1	0	1	0	0	0
10.1111_j.1548-2456.2013.00211.x	Scholarly research on u.s.-latin american relations: where does the field stand?	21	3	3	3	0.5	0	0	0
10.1080_09546553.2013.847827	What is cyberterrorism? Findings from a survey of researchers	55	2	2	1	0.666666666666667	0	0	0
10.1016_j.marpol.2020.103959	Splitting the catch, remuneration of icelandic fishermen in a sea of change	32	6	6	0	1	0	0	0
10.1177_0010414016679177	Disobedient markets: street vendors, enforcement, and state intervention in collective action	26	9	9	138	0.0612244897959184	0	0	0
10.1016_j.ejpoleco.2011.07.004	A simple and flexible alternative to stability and growth pact deficit ceilings. Is it at hand?	30	23	8	5	0.821428571428571	0	0	0
10.1017_gov.2019.8	'Bridges over troubled waters'? The competitive symbiosis of social democracy and radical left in crisis-ridden southern europe	21	3	1	3	0.5	0	0	0
10.1016_j.marpol.2016.10.013	Can the united states have its fish and eat it too?	17	7	7	0	1	0	0	0
10.1111_j.1939-9162.2011.00028.x	Female and minority judicial nominees: president's delight and senators' dismay?	162	77	37	7	0.916666666666667	1	1	1
10.1080_01402390.2017.1288107	A matter of time: on the transitory nature of cyberweapons	13	9	9	1	0.9	0	0	0
10.1162_isec_a_00164	Ethnofederalism: the worst form of institutional arrangement…?	10	5	5	4	0.555555555555556	0	0	0
10.1177_0022343317712576	Words and deeds	56	118	47	0	1	0	1	1
10.1093_ijpor_edq030	How harmful are survey translations? A test with schwartz's human values instrument	18	33	32	4	0.891891891891892	0	0	1
10.1177_1354068818754602	'I bend, indeed, but never break': formal rules and informal processes of candidate selection for european elections	35	4	4	113	0.0341880341880342	0	0	0
10.1080_09546553.2016.1253563	American jihadi terrorism: a comparison of homicides and unsuccessful plots	69	28	5	1	0.96551724137931	1	0	0
10.1111_psj.v47.s1	""	2	6	0	0	1	0	0	0
10.1111_jcms.13016	Eu cohesion policy under the media spotlight: exploring territorial and temporal patterns in news coverage and tone	38	24	22	2	0.923076923076923	0	0	0
10.1017_s0003055411000554	Candidate Genes and Political Behavior	78	86	86	6	0.934782608695652	1	1	1
10.1080_1060586x.2019.1707566	Terrorist attacks and public approval of the russian president: evidence from time series analysis	63	265	21	1	0.996240601503759	1	1	0
10.1080_09692290.2010.493733	Explaining hydrocarbon nationalization in latin america: economics and political ideology	24	23	23	1	0.958333333333333	0	0	0
10.1080_13523260.2017.1392102	Tangled up in rose? Theories of alliance entrapment and the 2008 russo-georgian war	8	4	4	6	0.4	0	0	0
10.1017_s1049096512000911	"Obama's reelection prospects under """"bread and peace"""" voting in the 2012 us presidential election"	48	12	12	2	0.857142857142857	0	0	0
10.1017_ajil.2017.85	Shakespeare: a dove, a hawk, or simply a humanist?	0	50	48	0	1	0	0	1
10.1017_s0020818320000326	Health diplomacy in pandemical times	7	1	1	0	1	0	0	0
10.1177_1065912909359162	Democratization and the middle class in china	15	86	55	1	0.988505747126437	0	1	1
10.1016_j.postcomstud.2011.07.006	Soviet conspiracy theories and political culture in ukraine: understanding viktor yanukovych and the party of regions	17	1	1	1	0.5	0	0	0
10.1057_bp.2015.42	'Everyone needs a willie': the elusive position of deputy to the british prime minister	1	6	4	21	0.222222222222222	0	0	0
10.1017_s1474745620000099	Reopening pandora's box in search of a wto-compatible industrial policy? The brazil–taxation dispute	37	14	6	3	0.823529411764706	0	0	0
10.1111_j.1743-8594.2011.00147.x	A racialized peace? How britain and the us made their relationship special	5	6	6	2	0.75	0	0	0
10.1017_s0003055412000536	Beyond Public and Private: Toward a Political Theory of the Corporation	17	4	4	5	0.444444444444444	0	0	0
10.1017_s002238160999079x	Distinct emotions, distinct domains: anger, anxiety and perceptions of intentionality	9	72	9	1	0.986301369863014	0	1	0
10.1177_1465116509359431	Explaining formation and design of eu trade agreements: the role of transparency and flexibility	54	363	45	3	0.991803278688525	0	1	1
10.1111_twec.12284	Spatial linkages and export processing location in china	55	788	102	1	0.99873257287706	0	1	1
10.1177_0032329213519419	Religion and the gender vote gap	111	72	71	1	0.986301369863014	1	1	1
10.1017_s0022381610000149	You've either got it or you don't? The stability of political interest over the life cycle	64	133	133	0	1	1	1	1
10.1007_s11127-019-00661-z	Bargaining in legislatures over private and public goods with endogenous recognition	16	15	14	43	0.258620689655172	0	0	0
10.1080_14782804.2020.1784112	Mining pigs. A structural topic model analysis of southern europe based on the german newspaper die zeit (1946-2009)	39	10	10	0	1	0	0	0
10.1177_1465116517704519	The role of candidate evaluations in the 2014 european parliament elections: towards the personalization of voting behaviour?	50	272	46	0	1	0	1	1
10.1177_1354068815625230	Ideological alternative? Analyzing alternative für deutschland candidates' ideal points via black box scaling	43	289	67	1	0.996551724137931	0	1	1
10.1017_s1049096516003176	A review of textbooks for teaching undergraduate methods	10	55	55	0	1	0	0	1
10.1080_13608746.2018.1433477	In the eye of the storm: the italian economy and the eurozone crisis	8	4	1	1	0.8	0	0	0
10.1080_09557571.2019.1708864	(Captain) america in crisis: popular digital culture and the negotiation of americanness	6	10	10	2	0.833333333333333	0	0	0
10.1111_j.1540-5907.2012.00587.x	Estimating ideal points in the british house of commons using early day motions	34	46	46	3	0.938775510204082	0	0	1
10.1177_1354066120923028	Grist to the mill of subversion: strikes and coups in counterinsurgencies	46	123	41	0	1	0	1	1
10.1177_0032321719884712	Explaining the constitutional integration and resurgence of traditional political institutions in sub-saharan africa	32	33	31	8	0.804878048780488	0	0	1
10.1080_00908320.2012.698930	A note on a comparison of the ocean governance system between mainland china and taiwan	3	12	12	0	1	0	0	0
10.1111_j.1541-0072.2012.00450.x	Public managers in the policy process: more evidence on the missing variable?	37	160	33	2	0.987654320987654	0	1	1
10.1177_0967010617722650	From performance to performativity: the legitimization of us security contracting and its consequences	16	1	1	2	0.333333333333333	0	0	0
10.1111_gove.12020	Negotiating education reform: teacher evaluations and incentives in chile (1990-2010)	50	10	2	0	1	0	0	0
10.1080_1540496x.2015.1073989	Demographic dividends in the 'south', ageing 'north', and 'south-south' trade diversification	67	27	22	0	1	1	0	0
10.1111_j.1467-9299.2010.01881.x	Does ownership matter for the provision of professionalized services? Hip operations at publicly and privately owned clinics in denmark	29	3	3	10	0.230769230769231	0	0	0
10.1111_j.1758-5899.2010.00028.x	Global identity policies and technology: do we understand the question?	6	0	0	0		0	0	0
10.1093_poq_nfw006	Filter bubbles, echo chambers, and online news consumption	27	23	21	1	0.958333333333333	0	0	0
10.1111_j.1467-9299.2010.01817.x	Legal europeanization: comparative perspectives	14	7	7	5	0.583333333333333	0	0	0
10.1111_j.1541-0072.2011.00420.x	Policy narratives and policy processes	34	25	25	0	1	0	0	0
10.1177_1354068818764011	Does women's descriptive representation matter for policy preferences? The role of political parties	37	56	26	3	0.949152542372881	0	0	0
10.1016_j.marpol.2017.01.023	Financing marine conservation tourism: governing entrance fees in raja ampat, indonesia	21	0	0	2	0	0	0	0
10.1080_13510347.2016.1204539	Effects and side effects of european union assistance on the former soviet republics	33	179	41	3	0.983516483516483	0	1	1
10.1086_694255	China's ideological spectrum	69	40	40	4	0.909090909090909	1	0	1
10.1177_0022002713515403	Does state failure cause terrorism? An empirical analysis (1999–2008)	69	593	55	2	0.996638655462185	1	1	1
10.1017_s0007123414000179	Electoral institutions and electoral violence in sub-saharan africa	75	521	48	34	0.938738738738739	1	1	1
10.1016_j.marpol.2019.103545	Negotiating coastal infrastructures: an evolutionary governance theory (egt) approach to chinese high-modernist development along the indian ocean	7	0	0	6	0	0	0	0
10.1080_07036337.2021.1877693	Defending european integration by (symbolically) integrating european defence? Germany and its ambivalent role in european security and defence policy	28	0	0	2	0	0	0	0
10.1080_14650045.2016.1214910	Defence and promotion of desired state identity in russia's strategic narrative	7	1	1	4	0.2	0	0	0
10.1111_padm.12593	Shared services in brazilian local government: urban development in small counties	60	244	42	2	0.991869918699187	0	1	1
10.1017_s000305540999030x	Broad Bills or Particularistic Policy? Historical Patterns in American State Legislatures	162	76	76	8	0.904761904761905	1	1	1
10.1080_1540496x.2014.998887	An application of the dynamic network dea model: the case of banks in taiwan	46	14	14	0	1	0	0	0
10.1017_s1049096517001238	Incorporating space in multimethod research: combining spatial analysis with case-study research	16	47	47	0	1	0	0	1
10.1177_0022002718783032	Does violent secessionism work?	78	77	39	8	0.905882352941176	1	1	1
10.1093_ia_iix124	Approaching borders and frontiers in north africa	1	14	12	3	0.823529411764706	0	0	0
10.1016_j.marpol.2019.03.006	Mind the gap between aspiration and practice in co-managing marine protected areas: a case study from negros occidental, philippines	42	4	4	19	0.173913043478261	0	0	0
10.1016_j.marpol.2019.103720	Protecting antarctica through co-production of actionable science: lessons from the ccamlr marine protected area process	30	21	3	5	0.807692307692308	0	0	0
10.1093_ijpor_eds002	Determinants of public support for same-sex marriage: generational cohorts, social contact, and shifting attitudes	57	252	63	0	1	0	1	1
10.1111_padm.2014.92.issue-4	""	9	1	1	0	1	0	0	0
10.1111_jcms.12082	Anchoring democracy from above? The european union and democratic backsliding in hungary and romania after accession	0	27	1	3	0.9	0	0	0
10.1007_s11127-013-0076-8	Why do parties use primaries?: political selection versus candidate incentives	50	95	95	7	0.931372549019608	0	1	1
10.1017_s0020818320000442	The promise of peacekeeping: protecting civilians in civil wars	43	165	91	3	0.982142857142857	0	1	1
10.1016_j.ejpoleco.2014.10.001	Household repayment behavior: the role of social capital and institutional, political, and religious beliefs	46	1005	83	30	0.971014492753623	0	1	1
10.1017_s1743923x10000279	Judging alone: reflections on the importance of women on the court	11	0	0	0		0	0	0
10.1007_s11109-013-9237-1	Collective descriptive representation and black voter mobilization in 2008	42	104	31	1	0.990476190476191	0	1	1
10.1111_j.1540-5907.2010.00472.x	Inequality and the dynamics of public opinion: the self-reinforcing link between economic inequality and mass preferences	22	38	38	5	0.883720930232558	0	0	1
10.1016_j.marpol.2012.10.005	Pathways of integrated coastal management from national policy to local implementation: enabling climate change adaptation	11	3	2	12	0.2	0	0	0
10.1093_isq_sqx092	Protean power and uncertainty: exploring the unexpected in world politics	15	4	4	15	0.210526315789474	0	0	0
10.1016_j.marpol.2009.09.004	'Whose science?' Precaution and power-play in european marine environmental decision-making	9	3	3	1	0.75	0	0	0
10.1111_j.1467-856x.2010.00412.x	Bureaucratic performance and control in british politics: asylum policy 1994–2007	55	209	49	15	0.933035714285714	0	1	1
10.1080_09644008.2010.515840	A change of paradigm? Law and order, anti-terrorism policies, and civil liberties in germany	6	2	2	1	0.666666666666667	0	0	0
10.1016_j.marpol.2018.08.019	Rethinking governance in a brazilian multiple-use marine protected area	16	16	1	5	0.761904761904762	0	0	0
10.1111_rego.12092	Correlates of rigorous and credible transnational governance: a cross-sectoral analysis of best practice compliance in eco-labeling	76	325	73	1	0.996932515337423	1	1	1
10.1111_lsq.12177	Ideological congruence: illusion or imperfection?	103	36	15	0	1	1	0	0
10.1111_fpa.12050	What friends are made of: bilateral linkages and domestic drivers of foreign policy alignment with china	65	468	56	0	1	1	1	1
10.1057_ap.2010.16	Party policy positions in italy after pre-electoral coalition disintegration	22	11	9	0	1	0	0	0
10.1017_s1743923x20000525	Women leaders and pandemic performance: a spurious correlation	3	11	11	1	0.916666666666667	0	0	0
10.1111_j.1467-856x.2010.00403.x	Much ado about not very much: the electoral consequences of postal voting at the 2005 british general election	16	53	12	2	0.963636363636364	0	0	0
10.1080_02684527.2017.1289695	Mi5 and the cold war in south-east asia: examining the performance of security intelligence far east (sife), 1946–1963	3	11	11	5	0.6875	0	0	0
10.1111_rego.12216	A typology of board design for highly effective monitoring in intergovernmental organizations under the united nations system	13	30	30	0	1	0	0	0
10.1177_1465116520929765	How candidate characteristics affect favorability in european parliament elections: evidence from a conjoint experiment in finland	28	41	41	0	1	0	0	1
10.1057_ap.2013.21	Institutional change and continuity in the european union: the super-commissioner saga	4	6	4	13	0.315789473684211	0	0	0
10.1016_j.ejpoleco.2014.11.002	Revisiting the link between pac contributions and lobbying expenditures	335	72	72	0	1	1	1	1
10.1177_0002716216662433	Ideological factions in the republican and democratic parties	22	1	1	2	0.333333333333333	0	0	0
10.1080_1554477x.2011.613734	International norms and women's rights in turkey and japan	16	0	0	6	0	0	0	0
10.1093_chinesejil_jmz035	Chronology of practice: chinese practice in private international law in 2018	13	13	11	11	0.541666666666667	0	0	0
10.1016_j.ejpoleco.2017.09.002	Demand for military spending in nato, 1968–2015: a spatial panel approach	53	861	125	1	0.998839907192575	0	1	1
10.1111_1475-6765.12403	Competition and interaction: party ties to interest groups in a multidimensional policy space	45	74	43	9	0.891566265060241	0	1	1
10.1111_ajps.12186	Greater expectations: a field experiment to improve accountability in mali	32	73	73	7	0.9125	0	1	1
10.1177_1354068810380091	Conceptualizing left and right in comparative politics	33	75	64	0	1	0	1	1
10.1017_s1049096516000792	(Un)conventional wisdom and presidential politics: the myth of convention locations and favorite-son vice presidents	49	22	22	0	1	0	0	0
10.1016_j.marpol.2015.11.012	Maritime piracy confrontations across the globe: can crew action shape the outcomes?	47	89	57	2	0.978021978021978	0	1	1
10.1111_jcms.12753	Power shifts via the judicial arena: how annulments cases between eu institutions shape competence allocation	13	4	2	20	0.166666666666667	0	0	0
10.1111_1475-6765.12321	Responding to the crisis: eurosceptic parties of the left and right and their changing position towards the european union	47	259	53	0	1	0	1	1
10.1093_ser_mws008	Employer strategies, cross-class coalitions and the free movement of labour in the enlarged european union	29	3	1	1	0.75	0	0	0
10.1111_1475-6765.12361	Institutional reform and public attitudes toward eu decision making	26	41	41	2	0.953488372093023	0	0	1
10.1080_01402390.2020.1856090	Defence innovation and the 4th industrial revolution in russia	15	18	18	8	0.692307692307692	0	0	0
10.1086_704599	Gendered political contexts: the gender gap in political knowledge	66	111	71	3	0.973684210526316	1	1	1
10.1111_ajps.12068	Distorted communication, unequal representation: constituents communicate less to representatives not of their race	78	68	68	1	0.985507246376812	1	1	1
10.1016_j.electstud.2013.05.009	Reaching for profit in the welfare state: patrimonial economic voting in denmark	35	106	17	0	1	0	1	0
10.1093_chinesejil_jmr012	Illegal, unreported and unregulated fishing: responses in general and in west africa	9	8	7	1	0.888888888888889	0	0	0
10.1177_1354066109353137	Beyond the 'failed state': toward conceptual alternatives	9	8	8	16	0.333333333333333	0	0	0
10.1177_1369148118784706	The un secretary-general, role expansion and narratives of representation in the 2016 campaign	6	2	2	6	0.25	0	0	0
10.1111_1475-6765.12174	Conflict, choice or geography? Explaining patterns of democracy in continental europe	66	40	40	5	0.888888888888889	1	0	1
10.1146_annurev-polisci-043010-095836	Using Roll Call Estimates to Test Models of Politics	43	39	39	37	0.513157894736842	0	0	1
10.1111_gove.12523	Keeping control of regulation? Domestic constraints on the creation of independent authorities in emerging and developing economies	44	385	34	45	0.895348837209302	0	1	1
10.1080_13501763.2016.1170191	Multi-dimensional preferences for labour market reforms: a conjoint experiment	18	109	45	0	1	0	1	1
10.1111_j.1467-9299.2010.01828.x	Parallel, transfer or collaboration strategy of relating theory to practice? A case study of public management debate in germany	49	49	49	12	0.80327868852459	0	0	1
10.1080_09668136.2020.1767759	Italy, russia and the great reconfiguration in east–west energy relations	21	1	1	4	0.2	0	0	0
10.1016_j.marpol.2018.08.007	Perceptions outweigh knowledge in predicting support for management strategies in the recreational striped bass (morone saxatilis) fishery	38	36	25	0	1	0	0	0
10.1093_ser_mwy022	Diversified quality production revisited: its contribution to german socio-economic performance over time	8	6	4	1	0.857142857142857	0	0	0
10.1007_s11558-014-9191-7	Julia gray. 2013. The company states keep: international economic organizations and investor perceptions (new york: cambridge university press)	5	6	5	0	1	0	0	0
10.1016_j.electstud.2013.08.008	Heterogeneity and the calculus of turnout: undecided respondents and the campaign dynamics of civic duty	44	229	78	3	0.987068965517241	0	1	1
10.1017_s0003055413000476	Political Parties at War: A Study of American War Finance, 1789�2010	102	44	44	0	1	1	0	1
10.1177_1354068812453367	Parliamentary party cohesion	14	46	22	2	0.958333333333333	0	0	0
10.1146_annurev-polisci-041916-023610	Legitimacy in Areas of Limited Statehood	13	0	0	5	0	0	0	0
10.1007_s10290-015-0227-8	Institutional distance and foreign direct investment	59	408	66	5	0.987893462469734	0	1	1
10.1017_s0003055416000046	Notes from the Editors	9	5	5	2	0.714285714285714	0	0	0
10.1093_isq_sqy056	Coup-proofing in the shadow of intervention: alliances, moral hazard, and violence in authoritarian regimes	45	30	30	9	0.769230769230769	0	0	0
10.1017_s0003055418000813	Does Exposure to the Refugee Crisis Make Natives More Hostile?	35	90	46	0	1	0	1	1
10.1016_j.ejpoleco.2012.05.001	Public attitudes towards central bank independence: lessons from the foundation of the ecb	38	39	39	0	1	0	0	1
10.1016_j.spacepol.2014.03.001	Assessing the full effects of public investment in space	19	20	16	2	0.909090909090909	0	0	0
10.1111_1758-5899.12560	Post-war recovery and the role of markets: policy insights from six years of research	1	6	6	19	0.24	0	0	0
10.1017_s0003055418000795	Does Party Trump Ideology? Disentangling Party and Ideology in America	36	140	35	0	1	0	1	1
10.1146_annurev-polisci-020614-094706	Income Inequality and Policy Responsiveness	72	27	27	3	0.9	1	0	0
10.1016_j.marpol.2017.01.026	Credit stacking in nutrient trading markets for the baltic sea	26	3	3	1	0.75	0	0	0
10.1111_j.1939-9162.2012.00050.x	Multimember districts' effect on collaboration between u.s. State legislators	34	59	59	0	1	0	0	1
10.1111_psj.12018	Giving girls a shot: an examination of mandatory vaccination legislation	49	59	44	0	1	0	0	1
10.1017_s1049096518002044	Teaching statistics: going from scary, boring, and useless to, well, something better	16	39	39	0	1	0	0	1
10.1111_twec.12024	Offshoring of tasks: taylorism versus toyotism	44	28	5	1	0.96551724137931	0	0	0
10.1007_s10784-012-9188-8	From struggle in responsible investment to potential to improve global environmental governance through un pri	24	13	13	4	0.764705882352941	0	0	0
10.1177_0010836712462781	Differentiation and trust: prüm and the institutional design of eu internal security	13	2	2	9	0.181818181818182	0	0	0
10.1017_psrm.2015.64	Globalization and the demand-side of politics: how globalization shapes labor market risk perceptions and policy preferences	71	847	49	1	0.998820754716981	1	1	1
10.1093_ser_mwv028	How the euro divides the union: the effect of economic adjustment on support for democracy in europe	63	243	53	4	0.983805668016194	1	1	1
10.1017_s0003055411000426	Searching for Good Policies	77	40	40	26	0.606060606060606	1	0	1
10.1177_1465116513489779	Euroscepticism and education: a longitudinal study of 12 eu member states, 1973–2010	26	43	19	4	0.914893617021277	0	0	0
10.1080_21647259.2019.1633105	Extreme violence without war and its social reproduction implications for building peace in latin america	41	1	0	1	0.5	0	0	0
10.1111_twec.12413	Border effects before and after 9/11: panel data evidence across industries	60	1683	89	0	1	0	1	1
10.1111_jcms.12295	Static and dynamic views of european integration	36	27	25	1	0.964285714285714	0	0	0
10.1002_polq.12253	Presidential reelection fundraising from jimmy carter to barack obama	10	1	1	2	0.333333333333333	0	0	0
10.1111_padm.12638	Governance, federalism and organizing institutions to manage complex problems	39	139	36	4	0.972027972027972	0	1	1
10.1080_13608746.2011.602849	Intergovernmental cooperation in a decentralised system: the sectoral conferences in spain	17	15	6	25	0.375	0	0	0
10.1080_00908320.2021.1910158	A liberal maritime power as any other? The soviet union during the negotiations of the law of the sea convention	3	8	8	6	0.571428571428571	0	0	0
10.1111_jcms.12983	Let us europeans move: how collective identities drive public support for border regimes inside the eu	51	46	43	0	1	0	0	1
10.1017_psrm.2017.7	Citizens united: a theoretical evaluation	0	11	8	5	0.6875	0	0	0
10.1177_0022343319865929	Buying blue helmets: the role of foreign aid in the construction of un peacekeeping missions	53	353	65	2	0.994366197183099	0	1	1
10.1111_ajps.12132	Courting the president: how circuit court judges alter their behavior for promotion to the supreme court	45	10	10	2	0.833333333333333	0	0	0
10.1080_13439006.2021.1921356	Abe shinzō's lasting impact: proactive contributions to japan's security and foreign policies	6	1	1	1	0.5	0	0	0
10.1177_1065912910376390	Bringing out the hook	24	18	12	11	0.620689655172414	0	0	0
10.1111_pafo.2012.27.issue-3	""	18	4	2	1	0.8	0	0	0
10.1080_14616742.2019.1687001	Toward gender sensitivity: women and climate change policies in china	15	0	0	2	0	0	0	0
10.1080_14494035.2019.1658693	Narrative stories in chinese characters: political framing of ageing and welfare reform in china	13	0	0	3	0	0	0	0
10.1017_s1049096511001223	Understanding the rise of talk radio	4	13	0	0	1	0	0	0
10.1016_j.marpol.2018.11.024	The reduction of sox emissions in the shipping industry: the case of korean companies	69	14	14	0	1	1	0	0
10.1111_ajps.12508	The real winner's curse	55	96	96	19	0.834782608695652	0	1	1
10.1017_s1474745614000317	Renewable energy and government support: time to 'green' the scm agreement?	30	7	5	1	0.875	0	0	0
10.1016_j.polgeo.2010.05.002	The shape of the nation: visual production of nationalism through maps in turkey	20	6	4	2	0.75	0	0	0
10.1080_09644008.2016.1201075	Calling the ghost of populism: the afd's strategic and tactical agendas until the ep election 2014	27	9	9	2	0.818181818181818	0	0	0
10.1111_j.1467-9299.2011.01923.x	Attraction to public policy-making: a qualitative inquiry into improvements in psm measurement	8	1	1	2	0.333333333333333	0	0	0
10.1017_gov.2019.35	The strategic logic of islamophobic populism	46	2	0	0	1	0	0	0
10.1111_ropr.12231	Emphasis framing and the role of perceived knowledge: a survey experiment	65	933	119	0	1	1	1	1
10.1146_annurev-polisci-051017-113314	The Return of the Single-Country Study	31	20	18	1	0.952380952380952	0	0	0
10.1177_0022002716656446	Promoting competition or helping the less endowed? Distributional preferences and collective institutional choices under intragroup inequality	34	75	41	8	0.903614457831325	0	1	1
10.1111_j.1540-5907.2011.00519.x	The three as of government formation: appointment, allocation, and assignment	39	35	35	11	0.760869565217391	0	0	1
10.1093_isq_sqaa057	The short and long(er) of it: the effect of hard times on regional institutionalization	46	112	45	3	0.973913043478261	0	1	1
10.1093_pan_mpr012	Fevd: just iv or just mistaken?	28	89	89	2	0.978021978021978	0	1	1
10.1080_13510347.2013.786545	Peace and quiet in the british house of commons, 1990–2010	13	0	0	7	0	0	0	0
10.1007_s10308-021-00594-7	South korea's hydrogen economy program as a case of weak ecological modernization	16	7	6	1	0.875	0	0	0
10.1007_s11127-010-9731-5	An evaluation of eu regional policy. Do structural actions crowd out public spending?	78	52	52	3	0.945454545454546	1	0	1
10.1057_s41311-017-0113-1	International dimensions of electoral processes: russia, the usa, and the 2016 elections	20	2	2	2	0.5	0	0	0
10.1017_pan.2019.33	How to assess power law behavior using stochastic process methods: a note of caution	35	30	30	1	0.967741935483871	0	0	0
10.1080_09644008.2020.1748601	Visible minority women in german politics: between discrimination and targeted recruitment	47	4	4	28	0.125	0	0	0
10.1086_704224	Issue competition without electoral incentives? A study of issue emphasis in the european parliament	34	69	40	7	0.907894736842105	0	1	1
10.1080_03003930.2013.869496	Amalgamation impacts on local public expenditures in sweden	48	12	12	0	1	0	0	0
10.1016_j.marpol.2020.104005	Maritime transport and economic growth: interconnection and influence (an example of the countriesin the caspian sea coast; russia, azerbaijan, turkmenistan, kazakhstan and iran)	44	8	5	0	1	0	0	0
10.1177_1354068810377460	Factions with clout: presidential cabinet coalition and policy in the uruguayan parliament	50	153	33	5	0.968354430379747	0	1	1
10.1017_s0020818318000255	Noncooperation by popular vote: expectations, foreign intervention, and the vote in the 2015 greek bailout referendum	92	53	53	1	0.981481481481481	1	0	1
10.1017_s1049096516001487	The growing spatial polarization of presidential voting in the united states, 1992–2012: myth or reality?	20	9	9	1	0.9	0	0	0
10.1017_s0022381610000447	Contracting for peace: do nonaggression pacts reduce conflict?	23	53	53	20	0.726027397260274	0	0	1
10.1177_0022343318814588	Camp settlement and communal conflict in sub-saharan africa	68	200	73	2	0.99009900990099	1	1	1
10.1177_1354068818818789	Does receiving advice from voter advice applications (vaas) affect public opinion in deeply divided societies? Evidence from a field experiment in northern ireland	26	39	34	0	1	0	0	1
10.1016_j.electstud.2018.04.013	Leaders always mattered: the persistence of personality in canadian elections	24	9	9	0	1	0	0	0
10.1016_j.marpol.2018.07.006	Crossing boundaries for cetacean conservation: setting research priorities to guide management of harbour porpoises	36	5	5	7	0.416666666666667	0	0	0
10.1111_ajps.12407	Power sharing: institutions, behavior, and peace	61	61	61	32	0.655913978494624	1	1	1
10.1111_padm.12265	Controlling risk inside modern government: developing interval measures of the grid-group dimensions for assessing suicide risk control systems in the english and japanese prison services	13	26	9	26	0.5	0	0	0
10.1016_j.marpol.2020.104146	Public perspective on constructing sea forests as a public good: a contingent valuation experiment in south korea	42	48	44	1	0.979591836734694	0	0	1
10.1016_j.marpol.2015.09.018	Linking ecological condition to enforcement of marine protected area regulations in the greater caribbean region	33	50	50	0	1	0	0	1
10.1017_s0022381610000551	Democracy in transition: a micro perspective on system change in post-socialist societies	37	189	71	0	1	0	1	1
10.1093_ser_mwt013	Watching foreigners: how counterparties enable herds, crowds, and generate liquidity in financial markets	12	3	1	5	0.375	0	0	0
10.1080_07036337.2015.1110149	European integration, democratic consolidation, and democratic regression in cee: an institutional assessment	29	68	32	3	0.957746478873239	0	1	1
10.1016_j.marpol.2018.03.023	'I need the sea and the sea needs me': symbiotic coastal policy narratives for human wellbeing and sustainability in the uk	19	4	3	7	0.363636363636364	0	0	0
10.1017_s0003055417000715	Elite Competition and State Capacity Development: Theory and Evidence from Post-Revolutionary Mexico	44	70	70	5	0.933333333333333	0	1	1
10.1111_twec.2015.38.issue-11	""	18	4	4	0	1	0	0	0
10.1080_13608746.2014.984384	Campaign individualisation before and after the bailout: a comparison between greece and portugal	27	172	49	0	1	0	1	1
10.29152_koiks.2017.48.4.733	Do diversionary incentives affect korea-japan historical disputes?	47	303	34	0	1	0	1	1
10.1177_1940161217723150	Gender, competitiveness, and candidate visibility in newspaper coverage of canadian party leadership contests	17	262	28	1	0.996197718631179	0	1	0
10.1111_j.1548-2456.2015.00279.x	Distributive politics in developing federal democracies: compensating governors for their territorial support	61	734	85	2	0.997282608695652	1	1	1
10.1177_1354066117744030	Meeting the world's demand for safe assets? Macroeconomic policy and the international status of the euro after the crisis	52	3	3	4	0.428571428571429	0	0	0
10.1177_1065912910373556	Obama and the white vote	28	33	33	0	1	0	0	1
10.1111_pops.2011.32.issue-3	""	53	74	60	1	0.986666666666667	0	1	1
10.1111_padm.12554	Discretion drift in primary care commissioning in england: towards a conceptualization of hybrid accountability obligations	11	5	5	49	0.0925925925925926	0	0	0
10.1017_s0007123415000290	Is proportional representation more favourable to the left? Electoral rules and their impact on elections, parliaments and the formation of cabinets	21	145	24	2	0.986394557823129	0	1	0
10.1111_padm.12312	Political control of coordination? The roles of ministerial advisers in government coordination in denmark and sweden	7	9	9	64	0.123287671232877	0	0	0
10.1086_684998	An ethos of politics between realism and idealism: max weber's enigmatic political ethics	61	0	0	1	0	1	0	0
10.1177_00207020211021566	Does realism explain the arab spring? Neorealist alliance formation theories and the syrian civil war	6	0	0	12	0	0	0	0
10.1017_s1537592718000336	Gender quotas in south america's big three. By adriana piatti-crocker, gregory d. Schmidt, and clara araujo. Lanham, md: lexington books, 2017. 212p. \$90.00 cloth. - empowered by design: decentralization and the gender policy trifecta. By meg rincker. Philadelphia: temple university press, 2017. 244p. \$92.50 cloth, \$32.95 paper.	8	2	2	2	0.5	0	0	0
10.1080_01402382.2014.990695	To scrutinise or not to scrutinise? Explaining variation in eu-related activities in national parliaments	41	99	47	22	0.818181818181818	0	1	1
10.1177_0010836713507670	The higher the better? The limits of analytical resolution in conflict event datasets	26	14	14	0	1	0	0	0
10.1177_1532673x12448212	Local legislative professionalism	68	173	44	3	0.982954545454545	1	1	1
10.1016_j.marpol.2018.06.019	Determining environmental pollution from ships using index of energy efficiency and environmental eligibility (i4e)	57	9	9	0	1	0	0	0
10.1111_twec.12481	Reciprocal tariff reductions under asymmetric bargaining power	20	25	13	3	0.892857142857143	0	0	0
10.1017_s0003055413000609	Max Weber and the Ethos of Politics beyond Calculation	44	2	2	0	1	0	0	0
10.1017_s1049096512001096	Congressional fellowship program announces 2012–13 fellows	0	8	0	0	1	0	0	0
10.1177_0002716216682715	Introduction	6	2	2	0	1	0	0	0
10.1177_1354066120922605	Fragmenting and connecting? The diverging geometries and extents of ir's interdisciplinary knowledge-relations	6	6	6	0	1	0	0	0
10.1111_jcms.13143	Populist radical right parties in europe: what impact do they have on development policy?	33	27	27	0	1	0	0	0
10.1086_694785	My trust in government is implicit: automatic trust in government and system support	53	79	25	2	0.975308641975309	0	1	0
10.1007_s11127-012-0014-1	Equilibrium institutions: the federal-proportional trade-off	66	71	71	2	0.972602739726027	1	1	1
10.1111_j.1468-2478.2011.00707.x	Conventional wisdom? The effect of nuclear proliferation on armed conflict, 1945-2001	64	414	64	1	0.997590361445783	1	1	1
10.1080_13510347.2019.1582029	A third wave of autocratization is here: what is new about it?	63	20	20	3	0.869565217391304	1	0	0
10.1017_s0003055414000410	The Political Mobilization of Ethnic and Religious Identities in Africa	26	66	66	7	0.904109589041096	0	1	1
10.1177_0002716217734810	Equalizers or enablers of inequality? A counterfactual analysis of racial and residential test score gaps in year-round and nine-month schools	49	710	60	0	1	0	1	1
10.1080_14742837.2020.1770071	Linking consensus to action: does frame alignment amongst sympathizers lead to protest participation?	79	279	51	1	0.996428571428572	1	1	1
10.1111_padm.12193	Public service motivation and politics: behavioural consequences among local councillors in switzerland	45	229	65	3	0.987068965517241	0	1	1
10.1016_j.postcomstud.2016.08.001	The rise of european right radicalism: the case of jobbik	16	0	0	0		0	0	0
10.1177_0010414016679177	Disobedient markets: street vendors, enforcement, and state intervention in collective action	26	9	9	138	0.0612244897959184	0	0	0
10.1016_j.jjie.2014.08.001	Effects of presidents' characteristics on internationalization of small and medium firms in japan	85	67	67	2	0.971014492753623	1	1	1
10.1017_s0003055410000031	Personality and Political Attitudes: Relationships across Issue Domains and Political Contexts	60	70	70	2	0.972222222222222	0	1	1
10.1111_ajps.12422	Strategic spending: does politics influence election administration expenditure?	56	47	47	1	0.979166666666667	0	0	1
10.1177_1354068809343108	Party aggregation in india	43	77	32	1	0.987179487179487	0	1	1
10.1080_13533312.2018.1502040	From liberal peacebuilding to stabilization and counterterrorism	9	4	4	5	0.444444444444444	0	0	0
10.1007_s10308-013-0357-3	Decomposition of embodied exergy flows in manufactured products and implications for carbon tariff policies	15	26	24	0	1	0	0	0
10.1177_0022343319836697	Introducing xsub: a new portal for cross-national data on subnational violence	34	31	30	2	0.939393939393939	0	0	0
10.1177_0002716214547476	Analyses of intergenerational mobility	41	81	81	1	0.987804878048781	0	1	1
10.1177_0022343316630938	Alliance networks and trade	69	524	76	2	0.996197718631179	1	1	1
10.1007_s11127-011-9769-z	Axiomatizations of a positional power score and measure for hierarchies	11	9	9	63	0.125	0	0	0
10.1007_s10290-019-00355-0	The social preferences of the native inhabitants, and the decision how many asylum seekers to admit	17	35	35	0	1	0	0	1
10.1111_j.1467-9701.2010.01320.x	Tourism and development: a recent phenomenon built on old (institutional) roots?	58	761	67	6	0.992177314211212	0	1	1
10.1080_03003930.2014.884495	Lesbian, gay and bisexual populations: the role of english local government	0	8	0	0	1	0	0	0
10.1177_0738894213491182	Trade sanctions in international environmental policy: deterring or encouraging free riding?	7	4	4	52	0.0714285714285714	0	0	0
10.1007_s11127-019-00648-w	Crowdfunding defense	12	1	0	4	0.2	0	0	0
10.1177_1065912913478839	Do popular votes on rights create animosity toward minorities?	28	258	43	0	1	0	1	1
10.1016_j.jjie.2012.01.003	Impact of overtime regulations on wages and work hours	41	134	63	0	1	0	1	1
10.1177_0022002715576748	Do states delegate shameful violence to militias? Patterns of sexual violence in recent armed conflicts	54	147	60	6	0.96078431372549	0	1	1
10.1017_s175297191600004x	Peremptory law, global order, and the normative boundaries of a pluralistic world	2	15	15	14	0.517241379310345	0	0	0
10.1017_s0043887117000028	Humiliation and third-party aggression	60	133	29	1	0.992537313432836	0	1	0
10.1080_10758216.2016.1236666	From nomadic traditionalists to sedentary scripturalists?	28	213	39	1	0.995327102803738	0	1	1
10.1111_jcms.12711	National parliaments' use of the political dialogue: institutional lobbyists, traditionalists or communicators?	11	9	7	4	0.692307692307692	0	0	0
10.1007_s12116-018-9271-4	Using crowd-sourced data to study public services: lessons from urban india	22	8	7	9	0.470588235294118	0	0	0
10.1016_j.marpol.2021.104503	Transition to timely and accurate reporting: an evaluation of monitoring programs for china's first total allowable catch (tac) pilot fishery	289	25	16	0	1	1	0	0
10.1080_13608746.2019.1641945	Beyond conditionality: policy reversals in southern europe in the aftermath of the eurozone crisis	12	1	1	1	0.5	0	0	0
10.1080_13501763.2010.486975	European union trade policy after enlargement: larger crowds, shifting priorities and informal decision-making	6	2	2	21	0.0869565217391304	0	0	0
10.1177_0010414020912279	External intervention, identity, and civil war	12	16	12	10	0.615384615384615	0	0	0
10.1016_j.marpol.2018.08.019	Rethinking governance in a brazilian multiple-use marine protected area	16	16	1	5	0.761904761904762	0	0	0
10.1177_0022343319881175	Tracking organizations in the world: the correlates of war igo version 3.0 datasets	40	8	8	15	0.347826086956522	0	0	0
10.1111_pops.12260	How collective participation impacts social identity: a longitudinal study from india	57	123	53	0	1	0	1	1
10.1177_1369148120947353	Foreign direct investment screening and congressional backlash politics in the united states	27	48	18	2	0.96	0	0	0
10.1016_j.marpol.2013.01.024	Marine litter: progress in developing an integrated policy approach in scotland	20	0	0	0		0	0	0
10.1162_glep_a_00214	Counting carbon: the politics of carbon footprints and climate governance from the individual to the global	6	2	0	1	0.666666666666667	0	0	0
10.1016_j.electstud.2019.102085	Compared to what? Media-guided reference points and relative economic voting	68	404	105	0	1	1	1	1
10.1111_twec.12049	On the relationship between technology transfer and economic growth in asian economies	20	208	35	12	0.945454545454546	0	1	1
10.1016_j.marpol.2017.03.020	Heterogeneous management and conservation perceptions within the gooseneck barnacle co-management system in asturias (n. Spain)	67	20	20	0	1	1	0	0
10.1080_09700161.2010.480893	Foreign policy planning efforts in india	7	7	3	15	0.318181818181818	0	0	0
10.1177_0002716210368113	Policy shocks: on the legal auspices of latin american migration to the united states	8	10	10	3	0.769230769230769	0	0	0
10.1080_09644016.2015.1074382	Welfare states and environmental states: a comparative analysis	13	3	1	1	0.75	0	0	0
10.1016_j.marpol.2021.104481	Social effects of energy subsidies and taxes on co2 emissions: the case of mexican aquaculture public policies	36	11	9	1	0.916666666666667	0	0	0
10.1093_publius_pjq027	Federalism and economic growth: the importance of context in nigerian public finance reform	9	7	5	5	0.583333333333333	0	0	0
10.1017_s1049096517002050	The chicken and egg question: satisfaction with democracy and voter turnout	23	211	34	2	0.990610328638498	0	1	1
10.1017_s0143814x18000053	Policy entrepreneurship across boundaries: a systematic literature review	72	99	13	1	0.99	1	1	0
10.1177_1065912918781037	Transparency, risk, and fdi	55	165	31	0	1	0	1	1
10.1111_ajps.12013	Elections and democratization in authoritarian regimes	55	34	34	1	0.971428571428571	0	0	1
10.1093_ser_mwx029	Varieties of risk regulation in europe: coordination, complementarity and occupational safety in capitalist welfare states	10	8	6	25	0.242424242424242	0	0	0
10.1177_1354066115602938	Conceptualizing european security cooperation: competing international political orders and domestic factors	6	1	1	17	0.0555555555555556	0	0	0
10.1093_ijpor_edy016	Motivational theories of agenda-setting effects: an information selection and processing model of attribute agenda-setting	29	73	73	0	1	0	1	1
10.1016_j.electstud.2012.02.010	Economic voting in a crisis: the irish election of 2011	39	164	35	2	0.987951807228916	0	1	1
10.1111_j.1468-0491.2012.01597.x	A semantic network analysis of changes in north korea's economic policy	19	14	6	2	0.875	0	0	0
10.1080_09546553.2017.1388791	Using specialised prison units to manage violent extremists: lessons from northern ireland	6	0	0	1	0	0	0	0
10.1111_ajps.12174	How aspiration to office conditions the impact of government participation on party platform change	71	68	68	0	1	1	1	1
10.1017_pan.2018.39	How cross-validation can go wrong and what to do about it	6	19	19	0	1	0	0	0
10.1093_jopart_muy074	Keeping your enemies close: the role of distrust in structuring a local hydraulic fracturing policy network in new york	23	5	2	3	0.625	0	0	0
10.1177_1354066119866499	Beyond coups: terrorism and military involvement in politics	49	141	50	4	0.972413793103448	0	1	1
10.1162_glep_a_00044	Looking for leaders: perceptions of climate change leadership among climate change negotiation participants	20	2	0	1	0.666666666666667	0	0	0
10.1057_cep.2012.28	Scapegoating: unemployment, far-right parties and anti-immigrant sentiment	317	59	57	1	0.983333333333333	1	0	1
10.1080_09668136.2018.1436697	Legitimising victories: electoral authoritarian control in russia's gubernatorial elections	63	2	2	35	0.0540540540540541	1	0	0
10.1177_0010414011421764	Has the british public depolarized along with political elites? An american perspective on british public opinion	13	12	12	0	1	0	0	0
10.1057_ip.2016.5	Witnessing the protection racket: rethinking justice in/of wars through gender lenses	4	8	5	1	0.888888888888889	0	0	0
10.1111_isqu.12144	Organizing hypocrisy: providing legal accountability for human rights violations in areas of limited statehood	13	7	5	15	0.318181818181818	0	0	0
10.1177_1940161209351005	The real spiral of cynicism? Symbiosis and mistrust between politicians and journalists	12	45	22	9	0.833333333333333	0	0	0
10.1007_s11109-011-9176-7	The role of partisanship in aggregate opinion	63	226	51	0	1	1	1	1
10.1017_s0003055416000514	State Development, Parity, and International Conflict	72	52	52	2	0.962962962962963	1	0	1
10.1007_s10290-013-0146-5	Does immigrant employment matter for export sales? Evidence from denmark	35	118	118	1	0.991596638655462	0	1	1
10.1017_s0143814x18000417	Party government and policy responsiveness. Evidence from three parliamentary democracies	32	109	107	3	0.973214285714286	0	1	1
10.1177_0010414019830740	Asymmetric accountability: an experimental investigation of biases in evaluations of governments' election pledges	45	159	35	2	0.987577639751553	0	1	1
10.1017_s1049096514001681	Major competition? Exploring perceptions of international studies programs among political science department chairs	49	96	26	1	0.989690721649485	0	1	0
10.1177_1354068809343108	Party aggregation in india	43	77	32	1	0.987179487179487	0	1	1
10.1016_j.marpol.2021.104684	Dynamic enforcement of bycatch via reproductive value can increase theoretical efficiency	20	9	5	1	0.9	0	0	0
10.1111_padm.12341	Bureaucratic accountability in third-party governance: experimental evidence of blame attribution during times of budgetary crisis	17	81	56	8	0.910112359550562	0	1	1
10.1177_0022002713520480	False negotiations	6	35	32	4	0.897435897435897	0	0	1
10.1111_j.1743-8594.2011.00145.x	Values, identity, and israel advocacy	8	1	1	5	0.166666666666667	0	0	0
10.1017_s104909651800224x	The rise of powerful executives: comparing the ukrainian and russian legislatures	8	0	0	0		0	0	0
10.1177_1532673x18759643	Low-information voting: evidence from instant-runoff elections	62	33	31	2	0.942857142857143	1	0	1
10.1111_1758-5899.12656	Global financial regulation: shortcomings and reform options	6	2	2	2	0.5	0	0	0
10.1162_jcws_a_00050	Delusion or reality? Secret hungarian diplomacy during the vietnam war	1	25	25	12	0.675675675675676	0	0	0
10.1007_s11109-011-9180-y	Going maverick: how candidates can use agenda-setting to influence citizen motivations and offset unpopular issue positions	55	79	75	0	1	0	1	1
10.1017_s1049096512000054	Common expositional problems in students' papers and theses	8	0	0	9	0	0	0	0
10.1016_j.ejpoleco.2010.03.003	On minimal morals	2	24	16	16	0.6	0	0	0
10.1093_isq_sqw049	De facto states: survival and disappearance (1945–2011)	58	81	36	9	0.9	0	1	1
10.1016_j.ejpoleco.2018.09.002	On the determinants of long-run inflation uncertainty: evidence from a panel of 17 developed economies	104	71	71	1	0.986111111111111	1	1	1
10.1111_ropr.12292	Measuring the relationship between state environmental justice action and air pollution inequality, 1990-2009	38	38	11	2	0.95	0	0	0
10.1111_pops.12073	Perceived threat, social identification, and psychological well-being: the effects of political conflict exposure	27	148	61	0	1	0	1	1
10.1016_j.electstud.2019.01.001	Attributing responsibility in devolved contexts. Experimental evidence from the uk	30	56	55	7	0.888888888888889	0	0	1
10.1017_s1537592713000844	Response to elaine b. Sharp's review oflocal elections and the politics of small-scale democracy	6	7	7	0	1	0	0	0
10.1016_j.marpol.2016.03.017	Tributyltin impacts in galapagos islands and ecuadorian shore: marine protected areas under threat	21	12	12	0	1	0	0	0
10.1111_pafo.12006	Contemplating chinese foreign policy: approaches to the use of historical analysis	12	3	1	1	0.75	0	0	0
10.1080_1540496x.2018.1562890	Currency shifts as a market discipline device: the case of the russian market for personal deposits	56	956	65	1	0.998955067920585	0	1	1
10.1111_j.1467-9221.2012.00935.x	Beliefs don't always persevere: how political figures are punished when positive information about them is discredited	25	193	61	0	1	0	1	1
10.1093_jopart_muy018	Punishment on the frontlines of public service delivery: client ethnicity and caseworker sanctioning decisions in a scandinavian welfare state	58	63	47	1	0.984375	0	1	1
10.1017_s1752971916000191	Multipolarity and the future of economic regionalism	29	7	7	3	0.7	0	0	0
10.1017_s1049096519001227	Gender gaps in perceptions of political science journals	25	15	15	0	1	0	0	0
10.1016_j.marpol.2012.05.022	Evaluating tradeoffs among ecosystem services to inform marine spatial planning	32	9	7	0	1	0	0	0
10.1017_s0143814x15000367	Congress as manager: oversight hearings and agency morale	63	75	41	5	0.9375	1	1	1
10.1086_697951	What is pivotal politics (and what else can it be)?	16	8	8	17	0.32	0	0	0
10.1111_j.1467-9701.2011.01415.x	The total factor productivity gap between internationalised and domestic firms: net premium or heterogeneity effect?	48	152	152	0	1	0	1	1
10.1080_1060586x.2013.860752	Police reform in russia: the policy process in a hybrid regime	7	5	3	20	0.2	0	0	0
10.1017_s1049096520001389	It's the pandemic, stupid! A simplified model for forecasting the 2020 presidential election	24	13	13	0	1	0	0	0
10.1080_13510347.2017.1373096	Government co-option of civil society: exploring the akp's role within turkish women's csos	22	7	7	7	0.5	0	0	0
10.1017_s0020818319000031	International intervention and the rule of law after civil war: evidence from liberia	42	179	88	97	0.648550724637681	0	1	1
10.1080_01402390.2014.952409	Asymmetry of values, indigenous forces, and incumbent success in counterinsurgency: evidence from chechnya	1	8	8	2	0.8	0	0	0
10.1177_1065912919870605	Discursive inequity and the internal exclusion of women speakers	24	65	30	21	0.755813953488372	0	1	0
10.1093_poq_nfv047	Sticker shock	61	149	39	0	1	1	1	1
10.1093_ser_mwy046	Educational expectations in the great recession: has the impact of family background become stronger?	59	638	63	2	0.996875	0	1	1
10.1162_glep_a_00575	Large-scale carbon dioxide removal: the problem of phasedown	6	7	5	1	0.875	0	0	0
10.1146_annurev-polisci-051117-073034	The Origins and Consequences of Affective Polarization in the United States	59	8	8	4	0.666666666666667	0	0	0
10.1111_j.1541-1338.2011.00535.x	No identification without representation: constraints on the use of biometric identification systems	8	1	1	2	0.333333333333333	0	0	0
10.1017_s1049096514001693	Overcoming barriers to heterogeneous-group learning in the political science classroom	31	16	16	6	0.727272727272727	0	0	0
10.1177_0967010618813063	Assembling european health security: epidemic intelligence and the hunt for cross-border health threats	0	6	6	2	0.75	0	0	0
10.1093_jopart_mur031	Integrative publicness: a framework for public management strategy and performance	14	6	4	1	0.857142857142857	0	0	0
10.1080_03003930.2019.1644321	In and beyond local government: making up new spaces of governance	6	0	0	4	0	0	0	0
10.1017_pan.2016.7	Exploring the political agenda of the european parliament using a dynamic topic modeling approach	53	32	32	3	0.914285714285714	0	0	1
10.1111_j.1747-7093.2010.00244.x	Deliberation and global criminal justice: juries in the international criminal court	0	10	10	2	0.833333333333333	0	0	0
10.1111_j.1467-9760.2012.00417.x	Agency and other stakes of poverty*	0	7	5	0	1	0	0	0
10.1080_09662839.2016.1236791	Transgovernmental networks and rationalist outputs? The partial social construction of eu foreign policy	18	6	6	9	0.4	0	0	0
10.1111_j.1475-6765.2010.01966.x	New zealand	6	0	0	2	0	0	0	0
10.1016_j.marpol.2018.09.002	Challenges of operationalising good industry practice and best environmental practice in deep seabed mining regulation	4	15	14	3	0.833333333333333	0	0	0
10.1016_j.postcomstud.2018.10.005	Sectoral linkages at the beginning of the 21st century: the role of polish economy in global production structures	54	25	23	0	1	0	0	0
10.1007_s11127-014-0205-z	Voting and the economic cycle	24	62	53	2	0.96875	0	1	1
10.1017_s1049096513000541	Mitigating mormonism: overcoming religious identity challenges with targeted appeals	27	75	22	0	1	0	1	0
10.1080_09644016.2019.1686207	From a green high tide to government participation: the successes of ecolo and groen in the 2019 belgian elections	16	0	0	0		0	0	0
10.1111_pops.12490	Partisanship, political knowledge, and the dunning-kruger effect	46	37	37	0	1	0	0	1
10.1177_1065912919831786	Identity fusion and the use of force: a group-psychological explanation for support of military interventions	23	187	46	2	0.989417989417989	0	1	1
10.1016_j.electstud.2014.09.005	Epilogue: what 2012 nomination contests tell us about the future of the republican party	16	124	22	3	0.976377952755906	0	1	0
10.1177_0967010615601389	Reframing conflict-related sexual and gender-based violence: bringing gender analysis back in	15	23	5	0	1	0	0	0
10.1111_lsq.12040	"How the party can win in personal vote systems: the """"selectoral connection"""" and legislative voting in lithuania"	15	231	17	7	0.970588235294118	0	1	0
10.1080_13501763.2016.1268193	Administrative legitimacy and the democratic deficit of the european union	15	111	23	0	1	0	1	0
10.1093_pan_mps018	Compound poisson—gamma regression models for dollar outcomes that are sometimes zero	79	255	255	0	1	1	1	1
10.1016_j.marpol.2015.06.031	Perceptions of fishers and developers on the co-location of offshore wind farms and decapod fisheries in the uk	49	3	3	2	0.6	0	0	0
10.1177_0010414011421764	Has the british public depolarized along with political elites? An american perspective on british public opinion	13	12	12	0	1	0	0	0
10.1080_13510347.2019.1641087	Not the only game in towns: explaining changes in municipal councils in post-revolutionary tunisia	34	48	13	9	0.842105263157895	0	0	0
10.1111_j.1467-9299.2011.01969.x	Political recruitment beyond elections: an exploration of the linkage between patronage, democracy, and diversity in the united kingdom	6	8	2	3	0.727272727272727	0	0	0
10.1111_ropr.12378	Exploring the effects of north–south and south–south research collaboration in emerging economies, the colombian case	34	69	32	4	0.945205479452055	0	1	1
10.1007_s12116-017-9251-0	Exploring performance-related pay as an anticorruption tool	10	4	3	3	0.571428571428571	0	0	0
10.1093_irap_lcv007	Rethinking the role of identity factors: the history problem and the japan–south korea security relationship in the post-cold war period	6	2	0	1	0.666666666666667	0	0	0
10.1080_14650045.2018.1477756	Borders and bordering in jewish geopolitical space	0	8	8	0	1	0	0	0
10.1016_j.marpol.2018.03.008	Halfway to sustainability: management lessons from community-based, marine no-take zones in the mexican caribbean	106	6	6	0	1	1	0	0
10.1017_s0022381610000897	Do women and men know different things? Measuring gender differences in political knowledge	111	64	18	1	0.984615384615385	1	1	0
10.1007_s11127-018-00634-8	Regressive effects of regulation	15	7	2	0	1	0	0	0
10.1016_j.marpol.2020.104153	Profitability and perceived resilience benefits of integrated shrimp-tilapia-seaweed aquaculture in north central coast, vietnam	72	61	19	16	0.792207792207792	1	1	0
10.1057_jird.2011.19	Aid allocation of the emerging central and eastern european donors	41	80	36	1	0.987654320987654	0	1	1
10.1017_s1049096514000778	Narratives of africa in a digital world: kony 2012 and student perceptions of conflict and agency in sub-saharan africa	26	25	13	0	1	0	0	0
10.5305_amerjintelaw.106.2.0271	Jurisprudence of the foreign claims settlement commission: albania claims	0	10	2	1	0.909090909090909	0	0	0
10.1017_s0003055413000087	Candidate Genes and Voter Turnout: Further Evidence on the Role of 5-HTTLPR	44	28	28	0	1	0	0	0
10.1093_ejil_chx022	Mfn clubs and scheduling additional commitments in the gatt: learning from the gats	1	11	3	19	0.366666666666667	0	0	0
10.1016_j.ejpoleco.2015.02.001	Is an increasing capital share under capitalism inevitable?	24	5	5	0	1	0	0	0
10.1111_ajps.12015	Political quid pro quo agreements: an experimental study	68	69	69	47	0.594827586206897	1	1	1
10.1093_publius_pjz030	Conquering space through internal improvements: federal nation-building in nineteenth-century america	18	69	47	0	1	0	1	1
10.1177_0738894215623073	Globalization and contentious politics: a comparative analysis of nonviolent and violent campaigns	52	312	56	0	1	0	1	1
10.1080_10584609.2020.1736701	Listening during political conversations: traits and situations	72	62	51	3	0.953846153846154	1	1	1
